bámulás,bámulásnyi,1,NOUN[QUANTITY]|NUM
udvar,udvarnyi,4,NOUN[QUANTITY]|NUM
szekéralj,szekéraljnyi,1,NOUN[QUANTITY]|NUM
trillió,trilliónyi,2,NUM[QUANTITY]|NUM
sorozat,sorozatnyi,4,NOUN[QUANTITY]|NUM
terület,területnyi,1,NOUN[QUANTITY]|NUM
próba,próbányi,1,NOUN[QUANTITY]|NUM
épület,épületnyi,2,NOUN[QUANTITY]|NUM
halász,halásznyi,1,NOUN[QUANTITY]|NUM
csermely,csermelynyi,2,NOUN[QUANTITY]|NUM
szekrény,szekrénynyi,1,NOUN[QUANTITY]|NUM
nap,napnyi,12,NOUN[QUANTITY]|NUM
csarnok,csarnoknyi,2,NOUN[QUANTITY]|NUM
pisztolylövés,pisztolylövésnyi,2,NOUN[QUANTITY]|NUM
kérdés,kérdésnyi,1,NOUN[QUANTITY]|NUM
tok,toknyi,1,NOUN[QUANTITY]|NUM
nyelés,nyelésnyi,2,NOUN[QUANTITY]|NUM
puszta,pusztányi,1,NOUN[QUANTITY]|NUM
haj,hajnyi,19,NOUN[QUANTITY]|NUM
méhkas,méhkasnyi,1,NOUN[QUANTITY]|NUM
tűfok,tűfoknyi,3,NOUN[QUANTITY]|NUM
nagyapa,nagyapányi,1,NOUN[QUANTITY]|NUM
bab,babnyi,2,NOUN[QUANTITY]|NUM
pallium,palliumnyi,2,NOUN[QUANTITY]|NUM
búcsú,búcsúnyi,1,NOUN[QUANTITY]|NUM
újsághír,újsághírnyi,1,NOUN[QUANTITY]|NUM
rajztábla,rajztáblányi,1,NOUN[QUANTITY]|NUM
tyúktojás,tyúktojásnyi,8,NOUN[QUANTITY]|NUM
farkas,farkasnyi,1,NOUN[QUANTITY]|NUM
villamosmegálló,villamosmegállónyi,1,NOUN[QUANTITY]|NUM
mindenség,mindenségnyi,2,NOUN[QUANTITY]|NUM
novella,novellányi,4,NOUN[QUANTITY]|NUM
porció,porciónyi,2,NOUN[QUANTITY]|NUM
eperszem,eperszemnyi,1,NOUN[QUANTITY]|NUM
herma,hermányi,87,NOUN[QUANTITY]|NUM
mikrométer,mikrométernyi,1,NOUN[QUANTITY]|NUM
határ,határnyi,3,NOUN[QUANTITY]|NUM
iga,igányi,1,NOUN[QUANTITY]|NUM
kicsi,kicsinyi,3,NOUN[QUANTITY]|NUM
ürge,ürgényi,1,NOUN[QUANTITY]|NUM
sima,simányi,39,NOUN[QUANTITY]|NUM
tűszúrás,tűszúrásnyi,8,NOUN[QUANTITY]|NUM
hal,halnyi,2,NOUN[QUANTITY]|NUM
serpenyő,serpenyőnyi,1,NOUN[QUANTITY]|NUM
utókor,utókornyi,1,NOUN[QUANTITY]|NUM
ír,írnyi,2,NOUN[QUANTITY]|NUM
kerék,keréknyi,5,NOUN[QUANTITY]|NUM
keret,keretnyi,1,NOUN[QUANTITY]|NUM
batyu,batyunyi,1,NOUN[QUANTITY]|NUM
óriásmolekula,óriásmolekulányi,1,NOUN[QUANTITY]|NUM
csikó,csikónyi,1,NOUN[QUANTITY]|NUM
hét,hétnyi,16,NUM[QUANTITY]|NUM
farkasszem,farkasszemnyi,1,NOUN[QUANTITY]|NUM
franc,francnyi,3,NOUN[QUANTITY]|NUM
pihenés,pihenésnyi,1,NOUN[QUANTITY]|NUM
jobbágy,jobbágynyi,1,NOUN[QUANTITY]|NUM
írólap,írólapnyi,1,NOUN[QUANTITY]|NUM
kazetta,kazettányi,3,NOUN[QUANTITY]|NUM
mérő,mérőnyi,5,NOUN[QUANTITY]|NUM
létminimum,létminimumnyi,1,NOUN[QUANTITY]|NUM
oldalas,oldalasnyi,1,NOUN[QUANTITY]|NUM
sütet,sütetnyi,3,NOUN[QUANTITY]|NUM
öv,övnyi,1,NOUN[QUANTITY]|NUM
hiba,hibányi,1,NOUN[QUANTITY]|NUM
dárda,dárdányi,4,NOUN[QUANTITY]|NUM
bankrablás,bankrablásnyi,1,NOUN[QUANTITY]|NUM
ötven,ötvenedik,19,NUM[ORD]|NUM
négyszögöl,négyszögölnyi,9,NOUN[QUANTITY]|NUM
gyufaskatulya,gyufaskatulyányi,2,NOUN[QUANTITY]|NUM
földimogyoró,földimogyorónyi,1,NOUN[QUANTITY]|NUM
ezrelék,ezreléknyi,6,NOUN[QUANTITY]|NUM
lepke,lepkényi,1,NOUN[QUANTITY]|NUM
bácsi,bácsinyi,1,NOUN[QUANTITY]|NUM
kávéház,kávéháznyi,1,NOUN[QUANTITY]|NUM
csavar,csavarnyi,1,NOUN[QUANTITY]|NUM
világegyetem,világegyetemnyi,3,NOUN[QUANTITY]|NUM
homokszem,homokszemnyi,4,NOUN[QUANTITY]|NUM
nyilallás,nyilallásnyi,1,NOUN[QUANTITY]|NUM
éter,éternyi,2,NOUN[QUANTITY]|NUM
lófő,lófőnyi,1,NOUN[QUANTITY]|NUM
golflabda,golflabdányi,1,NOUN[QUANTITY]|NUM
katonaláda,katonaládányi,1,NOUN[QUANTITY]|NUM
tyúk,tyúknyi,1,NOUN[QUANTITY]|NUM
hegység,hegységnyi,2,NOUN[QUANTITY]|NUM
koporsó,koporsónyi,3,NOUN[QUANTITY]|NUM
hány,hanyadik,12,NUM[ORD]|NUM
ének,éneknyi,3,NOUN[QUANTITY]|NUM
meghajlás,meghajlásnyi,6,NOUN[QUANTITY]|NUM
csillám,csillámnyi,1,NOUN[QUANTITY]|NUM
levélhullás,levélhullásnyi,1,NOUN[QUANTITY]|NUM
velőborsó,velőborsónyi,1,NOUN[QUANTITY]|NUM
grépfrút,grépfrútnyi,1,NOUN[QUANTITY]|NUM
villámtréfa,villámtréfányi,1,NOUN[QUANTITY]|NUM
csapszék,csapszéknyi,1,NOUN[QUANTITY]|NUM
dunsztosüveg,dunsztosüvegnyi,1,NOUN[QUANTITY]|NUM
szekér,szekérnyi,17,NOUN[QUANTITY]|NUM
tepsi,tepsinyi,1,NOUN[QUANTITY]|NUM
ábécé,ábécényi,1,NOUN[QUANTITY]|NUM
hullócsillag,hullócsillagnyi,1,NOUN[QUANTITY]|NUM
ágyúgolyó,ágyúgolyónyi,1,NOUN[QUANTITY]|NUM
diadaloszlop,diadaloszlopnyi,1,NOUN[QUANTITY]|NUM
örök,öröknyi,1,NOUN[QUANTITY]|NUM
nyomás,nyomásnyi,1,NOUN[QUANTITY]|NUM
oldalborda,oldalbordányi,2,NOUN[QUANTITY]|NUM
kitérő,kitérőnyi,1,NOUN[QUANTITY]|NUM
tor,tornyi,48,NOUN[QUANTITY]|NUM
ív,ívnyi,17,NOUN[QUANTITY]|NUM
lóerő,lóerőnyi,4,NOUN[QUANTITY]|NUM
barka,barkányi,6,NOUN[QUANTITY]|NUM
ábra,ábrányi,147,NOUN[QUANTITY]|NUM
cserép,cserépnyi,1,NOUN[QUANTITY]|NUM
gyermek,gyermeknyi,6,NOUN[QUANTITY]|NUM
lobbanás,lobbanásnyi,2,NOUN[QUANTITY]|NUM
rög,rögnyi,4,NOUN[QUANTITY]|NUM
ige,igényi,20,NOUN[QUANTITY]|NUM
panasz,panasznyi,1,NOUN[QUANTITY]|NUM
fasor,fasornyi,1,NOUN[QUANTITY]|NUM
vakarás,vakarásnyi,1,NOUN[QUANTITY]|NUM
ujjbegy,ujjbegynyi,12,NOUN[QUANTITY]|NUM
barázda,barázdányi,4,NOUN[QUANTITY]|NUM
burok,buroknyi,1,NOUN[QUANTITY]|NUM
dallam,dallamnyi,1,NOUN[QUANTITY]|NUM
centiliter,centiliternyi,1,NOUN[QUANTITY]|NUM
különbség,különbségnyi,1,NOUN[QUANTITY]|NUM
beszélgetés,beszélgetésnyi,1,NOUN[QUANTITY]|NUM
érverés,érverésnyi,1,NOUN[QUANTITY]|NUM
platt,plattnyi,2,NOUN[QUANTITY]|NUM
zászló,zászlónyi,6,NOUN[QUANTITY]|NUM
miriád,miriádnyi,20,NUM[QUANTITY]|NUM
halott,halottnyi,1,NOUN[QUANTITY]|NUM
moslék,mosléknyi,1,NOUN[QUANTITY]|NUM
fáklya,fáklyányi,1,NOUN[QUANTITY]|NUM
réteg,rétegnyi,1,NOUN[QUANTITY]|NUM
ég,égnyi,3,NOUN[QUANTITY]|NUM
férfitenyér,férfitenyérnyi,3,NOUN[QUANTITY]|NUM
ruháskosár,ruháskosárnyi,4,NOUN[QUANTITY]|NUM
vízoszlop,vízoszlopnyi,1,NOUN[QUANTITY]|NUM
csík,csíknyi,4,NOUN[QUANTITY]|NUM
főiskola,főiskolányi,1,NOUN[QUANTITY]|NUM
zérus,zérusodik,3,NUM[ORD]|NUM
erkély,erkélynyi,1,NOUN[QUANTITY]|NUM
napsugár,napsugárnyi,1,NOUN[QUANTITY]|NUM
példa,példányi,18,NOUN[QUANTITY]|NUM
kendő,kendőnyi,4,NOUN[QUANTITY]|NUM
notesz,notesznyi,2,NOUN[QUANTITY]|NUM
medve,medvényi,2,NOUN[QUANTITY]|NUM
koccanás,koccanásnyi,1,NOUN[QUANTITY]|NUM
trillió,trilliomod,2,NUM[FRACT]|NUM
frank,franknyi,15,NOUN[QUANTITY]|NUM
szétszakadás,szétszakadásnyi,1,NOUN[QUANTITY]|NUM
zerge,zergényi,12,NOUN[QUANTITY]|NUM
malomkő,malomkőnyi,8,NOUN[QUANTITY]|NUM
sikoltás,sikoltásnyi,1,NOUN[QUANTITY]|NUM
tanév,tanévnyi,3,NOUN[QUANTITY]|NUM
szivacs,szivacsnyi,1,NOUN[QUANTITY]|NUM
fellobbanás,fellobbanásnyi,1,NOUN[QUANTITY]|NUM
csikló,csiklónyi,1,NOUN[QUANTITY]|NUM
pálca,pálcányi,2,NOUN[QUANTITY]|NUM
főzés,főzésnyi,1,NOUN[QUANTITY]|NUM
sereg,seregnyi,9,NOUN[QUANTITY]|NUM
kolonc,koloncnyi,1,NOUN[QUANTITY]|NUM
polc,polcnyi,12,NOUN[QUANTITY]|NUM
hajókötél,hajókötélnyi,2,NOUN[QUANTITY]|NUM
gyufafej,gyufafejnyi,3,NOUN[QUANTITY]|NUM
horzsolás,horzsolásnyi,1,NOUN[QUANTITY]|NUM
bagó,bagónyi,2,NOUN[QUANTITY]|NUM
nagymama,nagymamányi,1,NOUN[QUANTITY]|NUM
borospohár,borospohárnyi,1,NOUN[QUANTITY]|NUM
só,sónyi,28,NOUN[QUANTITY]|NUM
szúrás,szúrásnyi,2,NOUN[QUANTITY]|NUM
esztendő,esztendőnyi,13,NOUN[QUANTITY]|NUM
véka,vékányi,12,NOUN[QUANTITY]|NUM
hasáb,hasábnyi,8,NOUN[QUANTITY]|NUM
három,harmad,60,NUM[FRACT]|NUM
bogrács,bográcsnyi,4,NOUN[QUANTITY]|NUM
sziget,szigetnyi,5,NOUN[QUANTITY]|NUM
mokkáskanál,mokkáskanálnyi,22,NOUN[QUANTITY]|NUM
íz,íznyi,6,NOUN[QUANTITY]|NUM
javadalmazás,javadalmazásnyi,1,NOUN[QUANTITY]|NUM
nadrág,nadrágnyi,1,NOUN[QUANTITY]|NUM
vékás,vékásnyi,1,NOUN[QUANTITY]|NUM
fólió,fóliónyi,1,NOUN[QUANTITY]|NUM
szélesség,szélességnyi,2,NOUN[QUANTITY]|NUM
tengerfenék,tengerfenéknyi,1,NOUN[QUANTITY]|NUM
kajak,kajaknyi,1,NOUN[QUANTITY]|NUM
éj,éjnyi,4,NOUN[QUANTITY]|NUM
szívverés,szívverésnyi,2,NOUN[QUANTITY]|NUM
öltő,öltőnyi,1,NOUN[QUANTITY]|NUM
gerenda,gerendányi,1,NOUN[QUANTITY]|NUM
tanterem,tanteremnyi,2,NOUN[QUANTITY]|NUM
századmásodperc,századmásodpercnyi,3,NOUN[QUANTITY]|NUM
pince,pincényi,1,NOUN[QUANTITY]|NUM
fa,fányi,6,NOUN[QUANTITY]|NUM
póló,pólónyi,2,NOUN[QUANTITY]|NUM
légió,légiónyi,10,NOUN[QUANTITY]|NUM
szülőföld,szülőföldnyi,1,NOUN[QUANTITY]|NUM
mell,mellnyi,1,NOUN[QUANTITY]|NUM
kanna,kannányi,4,NOUN[QUANTITY]|NUM
napilap,napilapnyi,1,NOUN[QUANTITY]|NUM
slukk,slukknyi,1,NOUN[QUANTITY]|NUM
hegy,hegynyi,12,NOUN[QUANTITY]|NUM
koppantás,koppantásnyi,1,NOUN[QUANTITY]|NUM
tündér,tündérnyi,1,NOUN[QUANTITY]|NUM
ötlet,ötletnyi,1,NOUN[QUANTITY]|NUM
rőf,rőfnyi,12,NOUN[QUANTITY]|NUM
tárca,tárcányi,3,NOUN[QUANTITY]|NUM
intelligencia,intelligenciányi,1,NOUN[QUANTITY]|NUM
összeg,összegnyi,3,NOUN[QUANTITY]|NUM
jó,jónyi,2,NOUN[QUANTITY]|NUM
osztag,osztagnyi,2,NOUN[QUANTITY]|NUM
tömeg,tömegnyi,12,NOUN[QUANTITY]|NUM
reptér,reptérnyi,1,NOUN[QUANTITY]|NUM
kupica,kupicányi,4,NOUN[QUANTITY]|NUM
sátor,sátornyi,1,NOUN[QUANTITY]|NUM
lovasszázad,lovasszázadnyi,2,NOUN[QUANTITY]|NUM
kamaraszínház,kamaraszínháznyi,1,NOUN[QUANTITY]|NUM
folyóméter,folyóméternyi,6,NOUN[QUANTITY]|NUM
lámpás,lámpásnyi,2,NOUN[QUANTITY]|NUM
tett,tettnyi,1,NOUN[QUANTITY]|NUM
gyertya,gyertyányi,2,NOUN[QUANTITY]|NUM
kuli,kulinyi,86,NOUN[QUANTITY]|NUM
felirat,feliratnyi,1,NOUN[QUANTITY]|NUM
virágoskert,virágoskertnyi,1,NOUN[QUANTITY]|NUM
hosszúság,hosszúságnyi,1,NOUN[QUANTITY]|NUM
víztükör,víztükörnyi,1,NOUN[QUANTITY]|NUM
él,élnyi,6,NOUN[QUANTITY]|NUM
hetes,hetesnyi,1,NOUN[QUANTITY]|NUM
gomoly,gomolynyi,1,NOUN[QUANTITY]|NUM
nagykanál,nagykanálnyi,1,NOUN[QUANTITY]|NUM
főtér,főtérnyi,1,NOUN[QUANTITY]|NUM
kürtő,kürtőnyi,1,NOUN[QUANTITY]|NUM
mélytányér,mélytányérnyi,3,NOUN[QUANTITY]|NUM
csapat,csapatnyi,9,NOUN[QUANTITY]|NUM
kacsa,kacsányi,2,NOUN[QUANTITY]|NUM
fuvallat,fuvallatnyi,7,NOUN[QUANTITY]|NUM
táj,tájnyi,2,NOUN[QUANTITY]|NUM
kecske,kecskényi,1,NOUN[QUANTITY]|NUM
marha,marhányi,1,NOUN[QUANTITY]|NUM
háromszoba,háromszobányi,1,NOUN[QUANTITY]|NUM
juta,jutányi,4,NOUN[QUANTITY]|NUM
verszta,versztányi,24,NOUN[QUANTITY]|NUM
vérrög,vérrögnyi,1,NOUN[QUANTITY]|NUM
jelzés,jelzésnyi,1,NOUN[QUANTITY]|NUM
utca,utcányi,11,NOUN[QUANTITY]|NUM
kosár,kosárnyi,11,NOUN[QUANTITY]|NUM
laza,lazányi,30,NOUN[QUANTITY]|NUM
hókupac,hókupacnyi,1,NOUN[QUANTITY]|NUM
tűzhely,tűzhelynyi,4,NOUN[QUANTITY]|NUM
százalékpont,százalékpontnyi,11,NOUN[QUANTITY]|NUM
fenyőszál,fenyőszálnyi,1,NOUN[QUANTITY]|NUM
éra,érányi,1,NOUN[QUANTITY]|NUM
sebtapasz,sebtapasznyi,1,NOUN[QUANTITY]|NUM
felleg,fellegnyi,1,NOUN[QUANTITY]|NUM
görcs,görcsnyi,3,NOUN[QUANTITY]|NUM
én,énnyi,3,NOUN[QUANTITY]|NUM
mag,magnyi,8,NOUN[QUANTITY]|NUM
domb,dombnyi,6,NOUN[QUANTITY]|NUM
csákó,csákónyi,1,NOUN[QUANTITY]|NUM
kombiné,kombinényi,1,NOUN[QUANTITY]|NUM
évtized,évtizednyi,11,NOUN[QUANTITY]|NUM
bog,bognyi,1,NOUN[QUANTITY]|NUM
zéró,zérónyi,1,NOUN[QUANTITY]|NUM
dömper,dömpernyi,1,NOUN[QUANTITY]|NUM
esély,esélynyi,1,NOUN[QUANTITY]|NUM
tál,tálnyi,6,NOUN[QUANTITY]|NUM
aktatáska,aktatáskányi,2,NOUN[QUANTITY]|NUM
hordó,hordónyi,9,NOUN[QUANTITY]|NUM
suttogás,suttogásnyi,2,NOUN[QUANTITY]|NUM
gyűrű,gyűrűnyi,2,NOUN[QUANTITY]|NUM
hon,honnyi,11,NOUN[QUANTITY]|NUM
csupor,csupornyi,6,NOUN[QUANTITY]|NUM
holdsugár,holdsugárnyi,1,NOUN[QUANTITY]|NUM
féltégla,féltéglányi,2,NOUN[QUANTITY]|NUM
atommag,atommagnyi,5,NOUN[QUANTITY]|NUM
gyermekhang,gyermekhangnyi,1,NOUN[QUANTITY]|NUM
való,valónyi,4,NOUN[QUANTITY]|NUM
mén,ménnyi,1,NOUN[QUANTITY]|NUM
ékszer,ékszernyi,1,NOUN[QUANTITY]|NUM
folyóirat,folyóiratnyi,1,NOUN[QUANTITY]|NUM
irattár,irattárnyi,1,NOUN[QUANTITY]|NUM
hurka,hurkányi,1,NOUN[QUANTITY]|NUM
évforduló,évfordulónyi,1,NOUN[QUANTITY]|NUM
fürdőszoba,fürdőszobányi,1,NOUN[QUANTITY]|NUM
idézet,idézetnyi,1,NOUN[QUANTITY]|NUM
zár,zárnyi,1,NOUN[QUANTITY]|NUM
füzetlap,füzetlapnyi,1,NOUN[QUANTITY]|NUM
kelés,kelésnyi,1,NOUN[QUANTITY]|NUM
asztag,asztagnyi,1,NOUN[QUANTITY]|NUM
kamasz,kamasznyi,3,NOUN[QUANTITY]|NUM
tonna,tonnányi,12,NOUN[QUANTITY]|NUM
kilencven,kilencvenedik,11,NUM[ORD]|NUM
tavasz,tavasznyi,5,NOUN[QUANTITY]|NUM
visszhang,visszhangnyi,1,NOUN[QUANTITY]|NUM
tara,tarányi,96,NOUN[QUANTITY]|NUM
macska,macskányi,5,NOUN[QUANTITY]|NUM
bar,barnyi,2,NOUN[QUANTITY]|NUM
fenék,fenéknyi,2,NOUN[QUANTITY]|NUM
hunyorítás,hunyorításnyi,2,NOUN[QUANTITY]|NUM
járda,járdányi,87,NOUN[QUANTITY]|NUM
fríz,fríznyi,1,NOUN[QUANTITY]|NUM
siheder,sihedernyi,4,NOUN[QUANTITY]|NUM
flekk,flekknyi,5,NOUN[QUANTITY]|NUM
lépcsőfok,lépcsőfoknyi,4,NOUN[QUANTITY]|NUM
kutatóintézet,kutatóintézetnyi,1,NOUN[QUANTITY]|NUM
idő,időnyi,6,NOUN[QUANTITY]|NUM
milligramm,milligrammnyi,4,NOUN[QUANTITY]|NUM
suhanás,suhanásnyi,1,NOUN[QUANTITY]|NUM
pontszám,pontszámnyi,1,NOUN[QUANTITY]|NUM
tétel,tételnyi,3,NOUN[QUANTITY]|NUM
farkinca,farkincányi,1,NOUN[QUANTITY]|NUM
kenyérszelet,kenyérszeletnyi,1,NOUN[QUANTITY]|NUM
csel,cselnyi,1,NOUN[QUANTITY]|NUM
másfél,másfeledik,5,NUM[ORD]|NUM
szőlőhegy,szőlőhegynyi,1,NOUN[QUANTITY]|NUM
tálca,tálcányi,7,NOUN[QUANTITY]|NUM
életút,életútnyi,1,NOUN[QUANTITY]|NUM
piactér,piactérnyi,2,NOUN[QUANTITY]|NUM
forgás,forgásnyi,1,NOUN[QUANTITY]|NUM
földtömeg,földtömegnyi,7,NOUN[QUANTITY]|NUM
csajka,csajkányi,2,NOUN[QUANTITY]|NUM
betű,betűnyi,7,NOUN[QUANTITY]|NUM
tetőcserép,tetőcserépnyi,1,NOUN[QUANTITY]|NUM
szakma,szakmányi,3,NOUN[QUANTITY]|NUM
eposz,eposznyi,1,NOUN[QUANTITY]|NUM
emberiség,emberiségnyi,1,NOUN[QUANTITY]|NUM
orvosság,orvosságnyi,1,NOUN[QUANTITY]|NUM
csőr,csőrnyi,2,NOUN[QUANTITY]|NUM
kamra,kamrányi,2,NOUN[QUANTITY]|NUM
ecsetvonás,ecsetvonásnyi,3,NOUN[QUANTITY]|NUM
jegyzék,jegyzéknyi,1,NOUN[QUANTITY]|NUM
ér,érnyi,4,NOUN[QUANTITY]|NUM
fátyol,fátyolnyi,1,NOUN[QUANTITY]|NUM
gond,gondnyi,1,NOUN[QUANTITY]|NUM
veder,vedernyi,7,NOUN[QUANTITY]|NUM
bors,borsnyi,2,NOUN[QUANTITY]|NUM
légkör,légkörnyi,4,NOUN[QUANTITY]|NUM
zihálás,zihálásnyi,1,NOUN[QUANTITY]|NUM
vízfej,vízfejnyi,1,NOUN[QUANTITY]|NUM
ablak,ablaknyi,7,NOUN[QUANTITY]|NUM
levesestál,levesestálnyi,2,NOUN[QUANTITY]|NUM
fülszöveg,fülszövegnyi,1,NOUN[QUANTITY]|NUM
csempe,csempényi,3,NOUN[QUANTITY]|NUM
szilánk,szilánknyi,4,NOUN[QUANTITY]|NUM
tallér,tallérnyi,15,NOUN[QUANTITY]|NUM
fejezet,fejezetnyi,10,NOUN[QUANTITY]|NUM
fogmosás,fogmosásnyi,1,NOUN[QUANTITY]|NUM
korszak,korszaknyi,3,NOUN[QUANTITY]|NUM
zacskó,zacskónyi,9,NOUN[QUANTITY]|NUM
hombár,hombárnyi,1,NOUN[QUANTITY]|NUM
tizedesjegy,tizedesjegynyi,4,NOUN[QUANTITY]|NUM
mécs,mécsnyi,3,NOUN[QUANTITY]|NUM
kiló,kilónyi,12,NOUN[QUANTITY]|NUM
óriás,óriásnyi,2,NOUN[QUANTITY]|NUM
máglya,máglyányi,1,NOUN[QUANTITY]|NUM
vagyon,vagyonnyi,2,NOUN[QUANTITY]|NUM
tömb,tömbnyi,3,NOUN[QUANTITY]|NUM
al,alnyi,1,NOUN[QUANTITY]|NUM
szőrszál,szőrszálnyi,2,NOUN[QUANTITY]|NUM
ezer,ezernyi,18,NUM[QUANTITY]|NUM
spejz,spejznyi,1,NOUN[QUANTITY]|NUM
fiú,fiúnyi,1,NOUN[QUANTITY]|NUM
megnyilatkozás,megnyilatkozásnyi,4,NOUN[QUANTITY]|NUM
tarja,tarjányi,78,NOUN[QUANTITY]|NUM
babaszoba,babaszobányi,1,NOUN[QUANTITY]|NUM
munkaóra,munkaórányi,5,NOUN[QUANTITY]|NUM
fadoboz,fadoboznyi,1,NOUN[QUANTITY]|NUM
pöröly,pörölynyi,2,NOUN[QUANTITY]|NUM
légköbméter,légköbméternyi,1,NOUN[QUANTITY]|NUM
fonal,fonalnyi,2,NOUN[QUANTITY]|NUM
hajóhossz,hajóhossznyi,1,NOUN[QUANTITY]|NUM
rebbenés,rebbenésnyi,10,NOUN[QUANTITY]|NUM
cirógatás,cirógatásnyi,1,NOUN[QUANTITY]|NUM
zsák,zsáknyi,11,NOUN[QUANTITY]|NUM
kisszoba,kisszobányi,1,NOUN[QUANTITY]|NUM
tár,tárnyi,5,NOUN[QUANTITY]|NUM
sáska,sáskányi,1,NOUN[QUANTITY]|NUM
generáció,generációnyi,10,NOUN[QUANTITY]|NUM
tollszár,tollszárnyi,1,NOUN[QUANTITY]|NUM
kávéskanál,kávéskanálnyi,33,NOUN[QUANTITY]|NUM
pénisz,pénisznyi,1,NOUN[QUANTITY]|NUM
lóhossz,lóhossznyi,4,NOUN[QUANTITY]|NUM
év,évnyi,11,NOUN[QUANTITY]|NUM
nagyterem,nagyteremnyi,1,NOUN[QUANTITY]|NUM
cser,csernyi,45,NOUN[QUANTITY]|NUM
harmatcsepp,harmatcseppnyi,2,NOUN[QUANTITY]|NUM
féltalp,féltalpnyi,1,NOUN[QUANTITY]|NUM
szext,szextnyi,1,NOUN[QUANTITY]|NUM
kategória,kategóriányi,1,NOUN[QUANTITY]|NUM
mély,mélynyi,1,NOUN[QUANTITY]|NUM
ketrec,ketrecnyi,1,NOUN[QUANTITY]|NUM
csésze,csészényi,8,NOUN[QUANTITY]|NUM
faderék,faderéknyi,2,NOUN[QUANTITY]|NUM
vasszeg,vasszegnyi,1,NOUN[QUANTITY]|NUM
hajítófa,hajítófányi,1,NOUN[QUANTITY]|NUM
füst,füstnyi,1,NOUN[QUANTITY]|NUM
lábnyom,lábnyomnyi,4,NOUN[QUANTITY]|NUM
föl,fölnyi,1,NOUN[QUANTITY]|NUM
veszte,vesztényi,3,NOUN[QUANTITY]|NUM
bolygó,bolygónyi,9,NOUN[QUANTITY]|NUM
szatyor,szatyornyi,4,NOUN[QUANTITY]|NUM
pihe,pihényi,2,NOUN[QUANTITY]|NUM
magasság,magasságnyi,5,NOUN[QUANTITY]|NUM
keverő,keverőnyi,1,NOUN[QUANTITY]|NUM
koffer,koffernyi,3,NOUN[QUANTITY]|NUM
hón,hónnyi,1,NOUN[QUANTITY]|NUM
falka,falkányi,7,NOUN[QUANTITY]|NUM
termosz,termosznyi,1,NOUN[QUANTITY]|NUM
oroszlán,oroszlánnyi,2,NOUN[QUANTITY]|NUM
farok,faroknyi,1,NOUN[QUANTITY]|NUM
teherautó,teherautónyi,11,NOUN[QUANTITY]|NUM
váltóforint,váltóforintnyi,4,NOUN[QUANTITY]|NUM
béke,békényi,6,NOUN[QUANTITY]|NUM
libasor,libasornyi,1,NOUN[QUANTITY]|NUM
kova,koványi,6,NOUN[QUANTITY]|NUM
manó,manónyi,1,NOUN[QUANTITY]|NUM
főhajtás,főhajtásnyi,1,NOUN[QUANTITY]|NUM
cikk,cikknyi,2,NOUN[QUANTITY]|NUM
kávésbögre,kávésbögrényi,1,NOUN[QUANTITY]|NUM
csűr,csűrnyi,1,NOUN[QUANTITY]|NUM
vértenger,vértengernyi,1,NOUN[QUANTITY]|NUM
láthatár,láthatárnyi,3,NOUN[QUANTITY]|NUM
takaró,takarónyi,1,NOUN[QUANTITY]|NUM
akárhány,akárhányadik,7,NUM[ORD]|NUM
tű,tűnyi,3,NOUN[QUANTITY]|NUM
másodperc,másodpercnyi,10,NOUN[QUANTITY]|NUM
annyi,annyiadik,9,NUM[ORD]|NUM
példabeszéd,példabeszédnyi,1,NOUN[QUANTITY]|NUM
távolság,távolságnyi,2,NOUN[QUANTITY]|NUM
bor,bornyi,4,NOUN[QUANTITY]|NUM
autópálya,autópályányi,1,NOUN[QUANTITY]|NUM
lej,lejnyi,12,NOUN[QUANTITY]|NUM
vidra,vidrányi,27,NOUN[QUANTITY]|NUM
bozót,bozótnyi,1,NOUN[QUANTITY]|NUM
babérlevél,babérlevélnyi,1,NOUN[QUANTITY]|NUM
féreg,féregnyi,1,NOUN[QUANTITY]|NUM
mámor,mámornyi,1,NOUN[QUANTITY]|NUM
hajlat,hajlatnyi,1,NOUN[QUANTITY]|NUM
kocsikerék,kocsikeréknyi,4,NOUN[QUANTITY]|NUM
folyam,folyamnyi,3,NOUN[QUANTITY]|NUM
negyedrét,negyedrétnyi,3,NOUN[QUANTITY]|NUM
örökkévalóság,örökkévalóságnyi,2,NOUN[QUANTITY]|NUM
tankönyv,tankönyvnyi,1,NOUN[QUANTITY]|NUM
vadász,vadásznyi,3,NOUN[QUANTITY]|NUM
hőguta,hőgutányi,1,NOUN[QUANTITY]|NUM
vályú,vályúnyi,1,NOUN[QUANTITY]|NUM
kolumna,kolumnányi,2,NOUN[QUANTITY]|NUM
köteg,kötegnyi,8,NOUN[QUANTITY]|NUM
tálalás,tálalásnyi,1,NOUN[QUANTITY]|NUM
hang,hangnyi,8,NOUN[QUANTITY]|NUM
időegység,időegységnyi,1,NOUN[QUANTITY]|NUM
proton,protonnyi,1,NOUN[QUANTITY]|NUM
porfelhő,porfelhőnyi,1,NOUN[QUANTITY]|NUM
lei,leinyi,1,NOUN[QUANTITY]|NUM
tárló,tárlónyi,1,NOUN[QUANTITY]|NUM
milliomodrész,milliomodrésznyi,3,NOUN[QUANTITY]|NUM
elme,elményi,1,NOUN[QUANTITY]|NUM
régió,régiónyi,1,NOUN[QUANTITY]|NUM
szempillantás,szempillantásnyi,9,NOUN[QUANTITY]|NUM
csere,cserényi,64,NOUN[QUANTITY]|NUM
parittya,parittyányi,1,NOUN[QUANTITY]|NUM
bá,bányi,36,NOUN[QUANTITY]|NUM
amennyi,amennyiedik,1,NUM[ORD]|NUM
yard,yardnyi,20,NOUN[QUANTITY]|NUM
fúró,fúrónyi,1,NOUN[QUANTITY]|NUM
számosállat,számosállatnyi,2,NOUN[QUANTITY]|NUM
folt,foltnyi,7,NOUN[QUANTITY]|NUM
merőkanál,merőkanálnyi,7,NOUN[QUANTITY]|NUM
autóút,autóútnyi,2,NOUN[QUANTITY]|NUM
bot,botnyi,2,NOUN[QUANTITY]|NUM
banda,bandányi,2,NOUN[QUANTITY]|NUM
kismadár,kismadárnyi,1,NOUN[QUANTITY]|NUM
világűr,világűrnyi,4,NOUN[QUANTITY]|NUM
kalász,kalásznyi,1,NOUN[QUANTITY]|NUM
évfolyam,évfolyamnyi,7,NOUN[QUANTITY]|NUM
hallgatás,hallgatásnyi,2,NOUN[QUANTITY]|NUM
íróasztal,íróasztalnyi,1,NOUN[QUANTITY]|NUM
foghegy,foghegynyi,1,NOUN[QUANTITY]|NUM
golgota,golgotányi,1,NOUN[QUANTITY]|NUM
könyvcím,könyvcímnyi,1,NOUN[QUANTITY]|NUM
megye,megyényi,9,NOUN[QUANTITY]|NUM
mappa,mappányi,2,NOUN[QUANTITY]|NUM
pamat,pamatnyi,1,NOUN[QUANTITY]|NUM
paksaméta,paksamétányi,1,NOUN[QUANTITY]|NUM
szolgálat,szolgálatnyi,1,NOUN[QUANTITY]|NUM
oltár,oltárnyi,1,NOUN[QUANTITY]|NUM
szemfedő,szemfedőnyi,1,NOUN[QUANTITY]|NUM
paszulykaró,paszulykarónyi,1,NOUN[QUANTITY]|NUM
dinnye,dinnyényi,3,NOUN[QUANTITY]|NUM
vastagság,vastagságnyi,4,NOUN[QUANTITY]|NUM
pötty,pöttynyi,4,NOUN[QUANTITY]|NUM
ugyanannyi,ugyanannyiadik,2,NUM[ORD]|NUM
dénár,dénárnyi,9,NOUN[QUANTITY]|NUM
cella,cellányi,5,NOUN[QUANTITY]|NUM
sor,sornyi,12,NOUN[QUANTITY]|NUM
köbcenti,köbcentinyi,1,NOUN[QUANTITY]|NUM
fogtömés,fogtömésnyi,1,NOUN[QUANTITY]|NUM
sapka,sapkányi,3,NOUN[QUANTITY]|NUM
sarló,sarlónyi,1,NOUN[QUANTITY]|NUM
könyvespolc,könyvespolcnyi,18,NOUN[QUANTITY]|NUM
gátfutás,gátfutásnyi,1,NOUN[QUANTITY]|NUM
gyónás,gyónásnyi,1,NOUN[QUANTITY]|NUM
ahány,ahányadik,7,NUM[ORD]|NUM
rigó,rigónyi,1,NOUN[QUANTITY]|NUM
terma,termányi,2,NOUN[QUANTITY]|NUM
kalendárium,kalendáriumnyi,1,NOUN[QUANTITY]|NUM
vackor,vackornyi,1,NOUN[QUANTITY]|NUM
kilogramm,kilogrammnyi,19,NOUN[QUANTITY]|NUM
bálna,bálnányi,1,NOUN[QUANTITY]|NUM
térfogat,térfogatnyi,1,NOUN[QUANTITY]|NUM
fűtés,fűtésnyi,1,NOUN[QUANTITY]|NUM
ruha,ruhányi,1,NOUN[QUANTITY]|NUM
rönk,rönknyi,1,NOUN[QUANTITY]|NUM
dolgozó,dolgozónyi,1,NOUN[QUANTITY]|NUM
játék,játéknyi,2,NOUN[QUANTITY]|NUM
szalmaszál,szalmaszálnyi,8,NOUN[QUANTITY]|NUM
fegyver,fegyvernyi,1,NOUN[QUANTITY]|NUM
patika,patikányi,1,NOUN[QUANTITY]|NUM
vájdling,vájdlingnyi,1,NOUN[QUANTITY]|NUM
len,lennyi,24,NOUN[QUANTITY]|NUM
percent,percentnyi,1,NOUN[QUANTITY]|NUM
szeplő,szeplőnyi,1,NOUN[QUANTITY]|NUM
márka,márkányi,15,NOUN[QUANTITY]|NUM
ürücomb,ürücombnyi,1,NOUN[QUANTITY]|NUM
megállás,megállásnyi,3,NOUN[QUANTITY]|NUM
gombostű,gombostűnyi,9,NOUN[QUANTITY]|NUM
kút,kútnyi,3,NOUN[QUANTITY]|NUM
lepény,lepénynyi,1,NOUN[QUANTITY]|NUM
csukló,csuklónyi,2,NOUN[QUANTITY]|NUM
palack,palacknyi,6,NOUN[QUANTITY]|NUM
árvíz,árvíznyi,3,NOUN[QUANTITY]|NUM
evőkanál,evőkanálnyi,21,NOUN[QUANTITY]|NUM
négyzetkilométer,négyzetkilométernyi,13,NOUN[QUANTITY]|NUM
fejsze,fejszényi,1,NOUN[QUANTITY]|NUM
füzet,füzetnyi,10,NOUN[QUANTITY]|NUM
félmondat,félmondatnyi,6,NOUN[QUANTITY]|NUM
autóbusz,autóbusznyi,6,NOUN[QUANTITY]|NUM
halastó,halastónyi,1,NOUN[QUANTITY]|NUM
kutyanyelv,kutyanyelvnyi,1,NOUN[QUANTITY]|NUM
szívdobbanás,szívdobbanásnyi,4,NOUN[QUANTITY]|NUM
évjárat,évjáratnyi,1,NOUN[QUANTITY]|NUM
hangulat,hangulatnyi,2,NOUN[QUANTITY]|NUM
csücsök,csücsöknyi,1,NOUN[QUANTITY]|NUM
töredék,töredéknyi,9,NOUN[QUANTITY]|NUM
köb,köbnyi,2,NOUN[QUANTITY]|NUM
gálya,gályányi,1,NOUN[QUANTITY]|NUM
bánat,bánatnyi,1,NOUN[QUANTITY]|NUM
foglalkozás,foglalkozásnyi,2,NOUN[QUANTITY]|NUM
kínszenvedés,kínszenvedésnyi,1,NOUN[QUANTITY]|NUM
fej,fejnyi,7,NOUN[QUANTITY]|NUM
báj,bájnyi,1,NOUN[QUANTITY]|NUM
marhavagon,marhavagonnyi,1,NOUN[QUANTITY]|NUM
kőtömb,kőtömbnyi,1,NOUN[QUANTITY]|NUM
major,majornyi,1,NOUN[QUANTITY]|NUM
mol,molnyi,1,NOUN[QUANTITY]|NUM
gallér,gallérnyi,1,NOUN[QUANTITY]|NUM
cipó,cipónyi,7,NOUN[QUANTITY]|NUM
holdhónap,holdhónapnyi,2,NOUN[QUANTITY]|NUM
ebédlőasztal,ebédlőasztalnyi,1,NOUN[QUANTITY]|NUM
aranykorona,aranykoronányi,2,NOUN[QUANTITY]|NUM
macskaugrás,macskaugrásnyi,2,NOUN[QUANTITY]|NUM
madzagvasút,madzagvasútnyi,1,NOUN[QUANTITY]|NUM
púd,púdnyi,1,NOUN[QUANTITY]|NUM
homlok,homloknyi,2,NOUN[QUANTITY]|NUM
szekund,szekundnyi,1,NOUN[QUANTITY]|NUM
szint,szintnyi,3,NOUN[QUANTITY]|NUM
töpörtyű,töpörtyűnyi,1,NOUN[QUANTITY]|NUM
séta,sétányi,30,NOUN[QUANTITY]|NUM
sivatag,sivatagnyi,3,NOUN[QUANTITY]|NUM
lepe,lepényi,3,NOUN[QUANTITY]|NUM
univerzum,univerzumnyi,1,NOUN[QUANTITY]|NUM
disszertáció,disszertációnyi,4,NOUN[QUANTITY]|NUM
jéghegy,jéghegynyi,1,NOUN[QUANTITY]|NUM
üst,üstnyi,2,NOUN[QUANTITY]|NUM
bé,bényi,66,NOUN[QUANTITY]|NUM
zug,zugnyi,1,NOUN[QUANTITY]|NUM
intézet,intézetnyi,1,NOUN[QUANTITY]|NUM
első,elsőnyi,1,NOUN[QUANTITY]|NUM
raktár,raktárnyi,1,NOUN[QUANTITY]|NUM
hegycsúcs,hegycsúcsnyi,1,NOUN[QUANTITY]|NUM
cica,cicányi,1,NOUN[QUANTITY]|NUM
cseresznye,cseresznyényi,3,NOUN[QUANTITY]|NUM
halmaz,halmaznyi,1,NOUN[QUANTITY]|NUM
pipagyújtás,pipagyújtásnyi,1,NOUN[QUANTITY]|NUM
lánc,láncnyi,3,NOUN[QUANTITY]|NUM
apró,aprónyi,5,NOUN[QUANTITY]|NUM
fénysugár,fénysugárnyi,2,NOUN[QUANTITY]|NUM
bokréta,bokrétányi,4,NOUN[QUANTITY]|NUM
szótag,szótagnyi,9,NOUN[QUANTITY]|NUM
pókháló,pókhálónyi,2,NOUN[QUANTITY]|NUM
golyó,golyónyi,2,NOUN[QUANTITY]|NUM
malomkerék,malomkeréknyi,6,NOUN[QUANTITY]|NUM
kisujj,kisujjnyi,14,NOUN[QUANTITY]|NUM
láng,lángnyi,4,NOUN[QUANTITY]|NUM
kevés,legkevesebb,15,NUM[SUPERLAT]|NUM
regény,regénynyi,1,NOUN[QUANTITY]|NUM
csata,csatányi,16,NOUN[QUANTITY]|NUM
csapás,csapásnyi,3,NOUN[QUANTITY]|NUM
holnap,holnapnyi,2,NOUN[QUANTITY]|NUM
gyömbér,gyömbérnyi,1,NOUN[QUANTITY]|NUM
növendék,növendéknyi,1,NOUN[QUANTITY]|NUM
mikron,mikronnyi,8,NOUN[QUANTITY]|NUM
alföld,alföldnyi,3,NOUN[QUANTITY]|NUM
kockacukor,kockacukornyi,1,NOUN[QUANTITY]|NUM
ennyi,ennyied,4,NUM[FRACT]|NUM
halom,halomnyi,10,NOUN[QUANTITY]|NUM
rér,rérnyi,1,NOUN[QUANTITY]|NUM
csuda,csudányi,4,NOUN[QUANTITY]|NUM
szeletke,szeletkényi,1,NOUN[QUANTITY]|NUM
kisember,kisembernyi,1,NOUN[QUANTITY]|NUM
replika,replikányi,1,NOUN[QUANTITY]|NUM
derékszög,derékszögnyi,1,NOUN[QUANTITY]|NUM
album,albumnyi,4,NOUN[QUANTITY]|NUM
együttes,együttesnyi,1,NOUN[QUANTITY]|NUM
rezzenés,rezzenésnyi,2,NOUN[QUANTITY]|NUM
kopek,kopeknyi,1,NOUN[QUANTITY]|NUM
lék,léknyi,1,NOUN[QUANTITY]|NUM
kert,kertnyi,5,NOUN[QUANTITY]|NUM
kapás,kapásnyi,8,NOUN[QUANTITY]|NUM
késpenge,késpengényi,6,NOUN[QUANTITY]|NUM
bán,bánnyi,2,NOUN[QUANTITY]|NUM
raj,rajnyi,5,NOUN[QUANTITY]|NUM
közép,középnyi,1,NOUN[QUANTITY]|NUM
füzér,füzérnyi,3,NOUN[QUANTITY]|NUM
búzaszem,búzaszemnyi,1,NOUN[QUANTITY]|NUM
köböl,köbölnyi,11,NOUN[QUANTITY]|NUM
legyező,legyezőnyi,1,NOUN[QUANTITY]|NUM
lencse,lencsényi,6,NOUN[QUANTITY]|NUM
enyhülés,enyhülésnyi,1,NOUN[QUANTITY]|NUM
tarisznya,tarisznyányi,3,NOUN[QUANTITY]|NUM
pá,pányi,21,NOUN[QUANTITY]|NUM
ebéd,ebédnyi,1,NOUN[QUANTITY]|NUM
sejt,sejtnyi,4,NOUN[QUANTITY]|NUM
ágyúlövés,ágyúlövésnyi,7,NOUN[QUANTITY]|NUM
kötbér,kötbérnyi,1,NOUN[QUANTITY]|NUM
hangrobbanás,hangrobbanásnyi,1,NOUN[QUANTITY]|NUM
gorilla,gorillányi,1,NOUN[QUANTITY]|NUM
testhossz,testhossznyi,1,NOUN[QUANTITY]|NUM
szamovár,szamovárnyi,2,NOUN[QUANTITY]|NUM
vevő,vevőnyi,1,NOUN[QUANTITY]|NUM
csutak,csutaknyi,1,NOUN[QUANTITY]|NUM
sors,sorsnyi,3,NOUN[QUANTITY]|NUM
dosszié,dossziényi,4,NOUN[QUANTITY]|NUM
cigaretta,cigarettányi,2,NOUN[QUANTITY]|NUM
színház,színháznyi,3,NOUN[QUANTITY]|NUM
rét,rétnyi,7,NOUN[QUANTITY]|NUM
nehezék,nehezéknyi,2,NOUN[QUANTITY]|NUM
hálófülke,hálófülkényi,1,NOUN[QUANTITY]|NUM
milliméter,milliméternyi,13,NOUN[QUANTITY]|NUM
bödön,bödönnyi,1,NOUN[QUANTITY]|NUM
jegy,jegynyi,3,NOUN[QUANTITY]|NUM
negyedóra,negyedórányi,11,NOUN[QUANTITY]|NUM
látszat,látszatnyi,1,NOUN[QUANTITY]|NUM
tó,tónyi,3,NOUN[QUANTITY]|NUM
zsalugáter,zsalugáternyi,2,NOUN[QUANTITY]|NUM
gége,gégényi,36,NOUN[QUANTITY]|NUM
tömlő,tömlőnyi,3,NOUN[QUANTITY]|NUM
kanálka,kanálkányi,1,NOUN[QUANTITY]|NUM
mérce,mércényi,2,NOUN[QUANTITY]|NUM
kötél,kötélnyi,8,NOUN[QUANTITY]|NUM
monográfia,monográfiányi,1,NOUN[QUANTITY]|NUM
ökör,ökörnyi,1,NOUN[QUANTITY]|NUM
lecke,leckényi,2,NOUN[QUANTITY]|NUM
ól,ólnyi,1,NOUN[QUANTITY]|NUM
ág,ágnyi,2,NOUN[QUANTITY]|NUM
városállam,városállamnyi,1,NOUN[QUANTITY]|NUM
kölyök,kölyöknyi,1,NOUN[QUANTITY]|NUM
leütés,leütésnyi,2,NOUN[QUANTITY]|NUM
flotta,flottányi,3,NOUN[QUANTITY]|NUM
magzat,magzatnyi,1,NOUN[QUANTITY]|NUM
szúnyogcsípés,szúnyogcsípésnyi,2,NOUN[QUANTITY]|NUM
kazal,kazalnyi,7,NOUN[QUANTITY]|NUM
kvantum,kvantumnyi,10,NOUN[QUANTITY]|NUM
mérték,mértéknyi,9,NOUN[QUANTITY]|NUM
bölcső,bölcsőnyi,1,NOUN[QUANTITY]|NUM
mozsár,mozsárnyi,1,NOUN[QUANTITY]|NUM
vesszőkosár,vesszőkosárnyi,3,NOUN[QUANTITY]|NUM
bánya,bányányi,1,NOUN[QUANTITY]|NUM
költségvetés,költségvetésnyi,1,NOUN[QUANTITY]|NUM
megabit,megabitnyi,2,NOUN[QUANTITY]|NUM
csészealj,csészealjnyi,3,NOUN[QUANTITY]|NUM
pehely,pehelynyi,5,NOUN[QUANTITY]|NUM
ház,háznyi,9,NOUN[QUANTITY]|NUM
valahány,valahányadik,9,NUM[ORD]|NUM
verszt,versztnyi,7,NOUN[QUANTITY]|NUM
kézfej,kézfejnyi,1,NOUN[QUANTITY]|NUM
mól,mólnyi,9,NOUN[QUANTITY]|NUM
minden,mindennyi,10,NOUN[QUANTITY]|NUM
lép,lépnyi,3,NOUN[QUANTITY]|NUM
alap,alapnyi,1,NOUN[QUANTITY]|NUM
öngyújtó,öngyújtónyi,1,NOUN[QUANTITY]|NUM
here,herényi,66,NOUN[QUANTITY]|NUM
fészek,fészeknyi,3,NOUN[QUANTITY]|NUM
adoma,adományi,24,NOUN[QUANTITY]|NUM
végzet,végzetnyi,2,NOUN[QUANTITY]|NUM
mosogató,mosogatónyi,1,NOUN[QUANTITY]|NUM
demizson,demizsonnyi,1,NOUN[QUANTITY]|NUM
kocsiforduló,kocsifordulónyi,1,NOUN[QUANTITY]|NUM
teakonyha,teakonyhányi,1,NOUN[QUANTITY]|NUM
olvasás,olvasásnyi,1,NOUN[QUANTITY]|NUM
kapa,kapányi,4,NOUN[QUANTITY]|NUM
milliliter,milliliternyi,3,NOUN[QUANTITY]|NUM
országrész,országrésznyi,13,NOUN[QUANTITY]|NUM
utazás,utazásnyi,1,NOUN[QUANTITY]|NUM
boglya,boglyányi,2,NOUN[QUANTITY]|NUM
vakondtúrás,vakondtúrásnyi,5,NOUN[QUANTITY]|NUM
téglalap,téglalapnyi,2,NOUN[QUANTITY]|NUM
szirom,sziromnyi,1,NOUN[QUANTITY]|NUM
illa,illányi,8,NOUN[QUANTITY]|NUM
szárnycsapás,szárnycsapásnyi,2,NOUN[QUANTITY]|NUM
faág,faágnyi,3,NOUN[QUANTITY]|NUM
kevés,kevesebb,27,NUM[COMPAR]|NUM
csimbók,csimbóknyi,1,NOUN[QUANTITY]|NUM
sete,setényi,33,NOUN[QUANTITY]|NUM
lak,laknyi,2,NOUN[QUANTITY]|NUM
rezgés,rezgésnyi,1,NOUN[QUANTITY]|NUM
hajó,hajónyi,7,NOUN[QUANTITY]|NUM
deka,dekányi,15,NOUN[QUANTITY]|NUM
kódex,kódexnyi,1,NOUN[QUANTITY]|NUM
cikkely,cikkelynyi,1,NOUN[QUANTITY]|NUM
litánia,litániányi,1,NOUN[QUANTITY]|NUM
kulacs,kulacsnyi,7,NOUN[QUANTITY]|NUM
hő,hőnyi,18,NOUN[QUANTITY]|NUM
tájegység,tájegységnyi,3,NOUN[QUANTITY]|NUM
számjegy,számjegynyi,1,NOUN[QUANTITY]|NUM
levélírás,levélírásnyi,1,NOUN[QUANTITY]|NUM
ima,imányi,12,NOUN[QUANTITY]|NUM
borsó,borsónyi,13,NOUN[QUANTITY]|NUM
pengő,pengőnyi,14,NOUN[QUANTITY]|NUM
bomba,bombányi,1,NOUN[QUANTITY]|NUM
hetven,hetvenedik,11,NUM[ORD]|NUM
úszómedence,úszómedencényi,1,NOUN[QUANTITY]|NUM
kaszáló,kaszálónyi,1,NOUN[QUANTITY]|NUM
földgolyó,földgolyónyi,3,NOUN[QUANTITY]|NUM
háztömb,háztömbnyi,10,NOUN[QUANTITY]|NUM
üteg,ütegnyi,1,NOUN[QUANTITY]|NUM
csoda,csodányi,4,NOUN[QUANTITY]|NUM
variáció,variációnyi,1,NOUN[QUANTITY]|NUM
szusz,szusznyi,2,NOUN[QUANTITY]|NUM
husáng,husángnyi,1,NOUN[QUANTITY]|NUM
fél,félnyi,6,NOUN[QUANTITY]|NUM
sokaság,sokaságnyi,1,NOUN[QUANTITY]|NUM
vakaró,vakarónyi,1,NOUN[QUANTITY]|NUM
osztályzat,osztályzatnyi,2,NOUN[QUANTITY]|NUM
nesz,nesznyi,1,NOUN[QUANTITY]|NUM
papírtekercs,papírtekercsnyi,1,NOUN[QUANTITY]|NUM
számtalan,számtalannyi,1,NOUN[QUANTITY]|NUM
virág,virágnyi,3,NOUN[QUANTITY]|NUM
megabájt,megabájtnyi,5,NOUN[QUANTITY]|NUM
vihogás,vihogásnyi,1,NOUN[QUANTITY]|NUM
fakanál,fakanálnyi,14,NOUN[QUANTITY]|NUM
vállmagasság,vállmagasságnyi,1,NOUN[QUANTITY]|NUM
ezred,ezrednyi,27,NOUN[QUANTITY]|NUM
levelezőlap,levelezőlapnyi,2,NOUN[QUANTITY]|NUM
katlan,katlannyi,1,NOUN[QUANTITY]|NUM
húsz,huszadik,20,NUM[ORD]|NUM
érintés,érintésnyi,3,NOUN[QUANTITY]|NUM
kunyhó,kunyhónyi,2,NOUN[QUANTITY]|NUM
cseréptál,cseréptálnyi,1,NOUN[QUANTITY]|NUM
lob,lobnyi,1,NOUN[QUANTITY]|NUM
pálinkáspohár,pálinkáspohárnyi,3,NOUN[QUANTITY]|NUM
képzelet,képzeletnyi,1,NOUN[QUANTITY]|NUM
hetven,hetvennyi,1,NUM[QUANTITY]|NUM
egyenérték,egyenértéknyi,3,NOUN[QUANTITY]|NUM
alkar,alkarnyi,3,NOUN[QUANTITY]|NUM
sterling,sterlingnyi,17,NOUN[QUANTITY]|NUM
röppálya,röppályányi,1,NOUN[QUANTITY]|NUM
osztály,osztálynyi,8,NOUN[QUANTITY]|NUM
nyelv,nyelvnyi,2,NOUN[QUANTITY]|NUM
mentőkötél,mentőkötélnyi,4,NOUN[QUANTITY]|NUM
orrlyuk,orrlyuknyi,1,NOUN[QUANTITY]|NUM
porcika,porcikányi,3,NOUN[QUANTITY]|NUM
halpikkely,halpikkelynyi,2,NOUN[QUANTITY]|NUM
billió,billiomodik,3,NUM[ORD]|NUM
nyolc,nyolcadik,53,NUM[ORD]|NUM
guba,gubányi,9,NOUN[QUANTITY]|NUM
csutka,csutkányi,4,NOUN[QUANTITY]|NUM
lét,létnyi,3,NOUN[QUANTITY]|NUM
kajla,kajlányi,1,NOUN[QUANTITY]|NUM
mák,máknyi,6,NOUN[QUANTITY]|NUM
látomás,látomásnyi,1,NOUN[QUANTITY]|NUM
lófark,lófarknyi,1,NOUN[QUANTITY]|NUM
fonál,fonálnyi,5,NOUN[QUANTITY]|NUM
érem,éremnyi,1,NOUN[QUANTITY]|NUM
hágó,hágónyi,1,NOUN[QUANTITY]|NUM
teve,tevényi,2,NOUN[QUANTITY]|NUM
árpaszem,árpaszemnyi,2,NOUN[QUANTITY]|NUM
figura,figurányi,2,NOUN[QUANTITY]|NUM
kötés,kötésnyi,1,NOUN[QUANTITY]|NUM
gyerek,gyereknyi,5,NOUN[QUANTITY]|NUM
ütem,ütemnyi,25,NOUN[QUANTITY]|NUM
vízió,víziónyi,1,NOUN[QUANTITY]|NUM
szita,szitányi,45,NOUN[QUANTITY]|NUM
szög,szögnyi,2,NOUN[QUANTITY]|NUM
kör,környi,14,NOUN[QUANTITY]|NUM
lap,lapnyi,17,NOUN[QUANTITY]|NUM
rétestészta,rétestésztányi,1,NOUN[QUANTITY]|NUM
osztályrész,osztályrésznyi,1,NOUN[QUANTITY]|NUM
századrész,századrésznyi,5,NOUN[QUANTITY]|NUM
ohm,ohmnyi,1,NOUN[QUANTITY]|NUM
állomás,állomásnyi,5,NOUN[QUANTITY]|NUM
dúc,dúcnyi,1,NOUN[QUANTITY]|NUM
széksor,széksornyi,1,NOUN[QUANTITY]|NUM
pályaudvar,pályaudvarnyi,2,NOUN[QUANTITY]|NUM
csöbör,csöbörnyi,3,NOUN[QUANTITY]|NUM
parte,partényi,2,NOUN[QUANTITY]|NUM
tojás,tojásnyi,122,NOUN[QUANTITY]|NUM
hűség,hűségnyi,1,NOUN[QUANTITY]|NUM
gyöngyszem,gyöngyszemnyi,5,NOUN[QUANTITY]|NUM
vészfék,vészféknyi,1,NOUN[QUANTITY]|NUM
hajóút,hajóútnyi,1,NOUN[QUANTITY]|NUM
mikrobusz,mikrobusznyi,1,NOUN[QUANTITY]|NUM
vita,vitányi,99,NOUN[QUANTITY]|NUM
szoba,szobányi,11,NOUN[QUANTITY]|NUM
nagyujj,nagyujjnyi,1,NOUN[QUANTITY]|NUM
pirulás,pirulásnyi,1,NOUN[QUANTITY]|NUM
gallon,gallonnyi,6,NOUN[QUANTITY]|NUM
biliárdasztal,biliárdasztalnyi,1,NOUN[QUANTITY]|NUM
ámulat,ámulatnyi,1,NOUN[QUANTITY]|NUM
zsebkés,zsebkésnyi,1,NOUN[QUANTITY]|NUM
kivi,kivinyi,1,NOUN[QUANTITY]|NUM
félnap,félnapnyi,5,NOUN[QUANTITY]|NUM
rom,romnyi,4,NOUN[QUANTITY]|NUM
kávé,kávényi,2,NOUN[QUANTITY]|NUM
borotvapenge,borotvapengényi,1,NOUN[QUANTITY]|NUM
házhely,házhelynyi,5,NOUN[QUANTITY]|NUM
tört,törtnyi,1,NOUN[QUANTITY]|NUM
fal,falnyi,5,NOUN[QUANTITY]|NUM
lakószoba,lakószobányi,1,NOUN[QUANTITY]|NUM
busz,busznyi,9,NOUN[QUANTITY]|NUM
lélek,léleknyi,7,NOUN[QUANTITY]|NUM
pecsét,pecsétnyi,1,NOUN[QUANTITY]|NUM
ciha,cihányi,1,NOUN[QUANTITY]|NUM
félhang,félhangnyi,2,NOUN[QUANTITY]|NUM
elbeszélés,elbeszélésnyi,2,NOUN[QUANTITY]|NUM
sáv,sávnyi,4,NOUN[QUANTITY]|NUM
faj,fajnyi,4,NOUN[QUANTITY]|NUM
szárma,szármányi,1,NOUN[QUANTITY]|NUM
kondér,kondérnyi,4,NOUN[QUANTITY]|NUM
tölcsér,tölcsérnyi,1,NOUN[QUANTITY]|NUM
égbolt,égboltnyi,3,NOUN[QUANTITY]|NUM
szobaajtó,szobaajtónyi,1,NOUN[QUANTITY]|NUM
húshegy,húshegynyi,1,NOUN[QUANTITY]|NUM
világmindenség,világmindenségnyi,1,NOUN[QUANTITY]|NUM
pilla,pillányi,1,NOUN[QUANTITY]|NUM
világ,világnyi,12,NOUN[QUANTITY]|NUM
kenyérhéj,kenyérhéjnyi,1,NOUN[QUANTITY]|NUM
kincsestár,kincsestárnyi,1,NOUN[QUANTITY]|NUM
világrész,világrésznyi,5,NOUN[QUANTITY]|NUM
gyufa,gyufányi,1,NOUN[QUANTITY]|NUM
hossz,hossznyi,8,NOUN[QUANTITY]|NUM
tanszék,tanszéknyi,1,NOUN[QUANTITY]|NUM
lat,latnyi,13,NOUN[QUANTITY]|NUM
tizedmásodperc,tizedmásodpercnyi,5,NOUN[QUANTITY]|NUM
roma,rományi,12,NOUN[QUANTITY]|NUM
lófej,lófejnyi,1,NOUN[QUANTITY]|NUM
kel,kelnyi,1,NOUN[QUANTITY]|NUM
ár,árnyi,10,NOUN[QUANTITY]|NUM
hüvely,hüvelynyi,4,NOUN[QUANTITY]|NUM
dekagramm,dekagrammnyi,40,NOUN[QUANTITY]|NUM
negyven,negyvennyi,1,NUM[QUANTITY]|NUM
bú,búnyi,1,NOUN[QUANTITY]|NUM
fan,fannyi,6,NOUN[QUANTITY]|NUM
palota,palotányi,3,NOUN[QUANTITY]|NUM
kiáltás,kiáltásnyi,6,NOUN[QUANTITY]|NUM
falás,falásnyi,7,NOUN[QUANTITY]|NUM
boka,bokányi,63,NOUN[QUANTITY]|NUM
városrész,városrésznyi,6,NOUN[QUANTITY]|NUM
sing,singnyi,16,NOUN[QUANTITY]|NUM
kocsibejáró,kocsibejárónyi,1,NOUN[QUANTITY]|NUM
tagmondat,tagmondatnyi,4,NOUN[QUANTITY]|NUM
cédula,cédulányi,2,NOUN[QUANTITY]|NUM
csók,csóknyi,3,NOUN[QUANTITY]|NUM
kredit,kreditnyi,9,NOUN[QUANTITY]|NUM
ülőkád,ülőkádnyi,1,NOUN[QUANTITY]|NUM
vezér,vezérnyi,2,NOUN[QUANTITY]|NUM
gramm,grammnyi,11,NOUN[QUANTITY]|NUM
kosárlabdacsapat,kosárlabdacsapatnyi,1,NOUN[QUANTITY]|NUM
gömb,gömbnyi,2,NOUN[QUANTITY]|NUM
asztallap,asztallapnyi,6,NOUN[QUANTITY]|NUM
kiskanál,kiskanálnyi,9,NOUN[QUANTITY]|NUM
kecsketömlő,kecsketömlőnyi,1,NOUN[QUANTITY]|NUM
kilométer,kilométernyi,17,NOUN[QUANTITY]|NUM
kézlegyintés,kézlegyintésnyi,2,NOUN[QUANTITY]|NUM
pillangó,pillangónyi,1,NOUN[QUANTITY]|NUM
apa,apányi,6,NOUN[QUANTITY]|NUM
pala,palányi,6,NOUN[QUANTITY]|NUM
megawatt,megawattnyi,2,NOUN[QUANTITY]|NUM
bőrkulacs,bőrkulacsnyi,1,NOUN[QUANTITY]|NUM
árnyék,árnyéknyi,6,NOUN[QUANTITY]|NUM
szifon,szifonnyi,1,NOUN[QUANTITY]|NUM
dunna,dunnányi,1,NOUN[QUANTITY]|NUM
doboz,doboznyi,10,NOUN[QUANTITY]|NUM
derék,deréknyi,6,NOUN[QUANTITY]|NUM
erőd,erődnyi,1,NOUN[QUANTITY]|NUM
homokóra,homokórányi,1,NOUN[QUANTITY]|NUM
boszorka,boszorkányi,24,NOUN[QUANTITY]|NUM
fuvar,fuvarnyi,1,NOUN[QUANTITY]|NUM
ladik,ladiknyi,1,NOUN[QUANTITY]|NUM
kétharmad,kétharmadnyi,9,NUM[QUANTITY]|NUM
nyolcvan,nyolcvanadik,16,NUM[ORD]|NUM
ámbra,ámbrányi,1,NOUN[QUANTITY]|NUM
címszó,címszónyi,1,NOUN[QUANTITY]|NUM
henger,hengernyi,1,NOUN[QUANTITY]|NUM
fejbiccentés,fejbiccentésnyi,1,NOUN[QUANTITY]|NUM
rengeteg,rengetegnyi,2,NOUN[QUANTITY]|NUM
boksa,boksányi,2,NOUN[QUANTITY]|NUM
császárzsemle,császárzsemlényi,1,NOUN[QUANTITY]|NUM
áradat,áradatnyi,1,NOUN[QUANTITY]|NUM
félév,félévnyi,9,NOUN[QUANTITY]|NUM
madár,madárnyi,8,NOUN[QUANTITY]|NUM
szellentés,szellentésnyi,1,NOUN[QUANTITY]|NUM
aga,agányi,1,NOUN[QUANTITY]|NUM
la,lányi,432,NOUN[QUANTITY]|NUM
mustra,mustrányi,1,NOUN[QUANTITY]|NUM
tarka,tarkányi,25,NOUN[QUANTITY]|NUM
porszívó,porszívónyi,1,NOUN[QUANTITY]|NUM
pára,párányi,2,NOUN[QUANTITY]|NUM
szörnyeteg,szörnyetegnyi,1,NOUN[QUANTITY]|NUM
pille,pillényi,2,NOUN[QUANTITY]|NUM
krajcár,krajcárnyi,7,NOUN[QUANTITY]|NUM
szemeszter,szemeszternyi,2,NOUN[QUANTITY]|NUM
kurjantás,kurjantásnyi,3,NOUN[QUANTITY]|NUM
bőregér,bőregérnyi,1,NOUN[QUANTITY]|NUM
életév,életévnyi,2,NOUN[QUANTITY]|NUM
fog,fognyi,2,NOUN[QUANTITY]|NUM
regiment,regimentnyi,5,NOUN[QUANTITY]|NUM
borító,borítónyi,1,NOUN[QUANTITY]|NUM
kutya,kutyányi,1,NOUN[QUANTITY]|NUM
rezdülés,rezdülésnyi,3,NOUN[QUANTITY]|NUM
műszak,műszaknyi,2,NOUN[QUANTITY]|NUM
néhány,néhánynyi,2,NUM[QUANTITY]|NUM
nádszál,nádszálnyi,1,NOUN[QUANTITY]|NUM
ceruza,ceruzányi,6,NOUN[QUANTITY]|NUM
köz,köznyi,1,NOUN[QUANTITY]|NUM
segéderő,segéderőnyi,1,NOUN[QUANTITY]|NUM
vagon,vagonnyi,8,NOUN[QUANTITY]|NUM
inggomb,inggombnyi,1,NOUN[QUANTITY]|NUM
akó,akónyi,9,NOUN[QUANTITY]|NUM
kord,kordnyi,1,NOUN[QUANTITY]|NUM
csokor,csokornyi,10,NOUN[QUANTITY]|NUM
liba,libányi,2,NOUN[QUANTITY]|NUM
teher,tehernyi,4,NOUN[QUANTITY]|NUM
kuckó,kuckónyi,2,NOUN[QUANTITY]|NUM
szemüveg,szemüvegnyi,1,NOUN[QUANTITY]|NUM
tanú,tanúnyi,2,NOUN[QUANTITY]|NUM
ütet,ütetnyi,2,NOUN[QUANTITY]|NUM
pénz,pénznyi,5,NOUN[QUANTITY]|NUM
rántás,rántásnyi,1,NOUN[QUANTITY]|NUM
járóföld,járóföldnyi,8,NOUN[QUANTITY]|NUM
égtáj,égtájnyi,2,NOUN[QUANTITY]|NUM
betűköz,betűköznyi,1,NOUN[QUANTITY]|NUM
futballcsapat,futballcsapatnyi,3,NOUN[QUANTITY]|NUM
megyeszékhely,megyeszékhelynyi,1,NOUN[QUANTITY]|NUM
vetés,vetésnyi,1,NOUN[QUANTITY]|NUM
cölöp,cölöpnyi,1,NOUN[QUANTITY]|NUM
zafír,zafírnyi,2,NOUN[QUANTITY]|NUM
araszt,arasztnyi,11,NOUN[QUANTITY]|NUM
kísérlet,kísérletnyi,1,NOUN[QUANTITY]|NUM
gyertyaláng,gyertyalángnyi,5,NOUN[QUANTITY]|NUM
kispohár,kispohárnyi,1,NOUN[QUANTITY]|NUM
férfi,férfinyi,1,NOUN[QUANTITY]|NUM
torony,toronynyi,3,NOUN[QUANTITY]|NUM
tányér,tányérnyi,16,NOUN[QUANTITY]|NUM
ivó,ivónyi,5,NOUN[QUANTITY]|NUM
verssor,verssornyi,3,NOUN[QUANTITY]|NUM
emberemlékezet,emberemlékezetnyi,1,NOUN[QUANTITY]|NUM
befőttesüveg,befőttesüvegnyi,1,NOUN[QUANTITY]|NUM
rima,rimányi,15,NOUN[QUANTITY]|NUM
boltozat,boltozatnyi,1,NOUN[QUANTITY]|NUM
katicabogár,katicabogárnyi,1,NOUN[QUANTITY]|NUM
bika,bikányi,1,NOUN[QUANTITY]|NUM
csomó,csomónyi,13,NOUN[QUANTITY]|NUM
lelátó,lelátónyi,2,NOUN[QUANTITY]|NUM
plakát,plakátnyi,1,NOUN[QUANTITY]|NUM
századév,századévnyi,1,NOUN[QUANTITY]|NUM
gondolkodás,gondolkodásnyi,3,NOUN[QUANTITY]|NUM
élet,életnyi,9,NOUN[QUANTITY]|NUM
mozdulat,mozdulatnyi,4,NOUN[QUANTITY]|NUM
bibliográfia,bibliográfiányi,1,NOUN[QUANTITY]|NUM
kéznyújtás,kéznyújtásnyi,4,NOUN[QUANTITY]|NUM
homok,homoknyi,2,NOUN[QUANTITY]|NUM
nyilas,nyilasnyi,1,NOUN[QUANTITY]|NUM
üveggolyó,üveggolyónyi,2,NOUN[QUANTITY]|NUM
karabély,karabélynyi,1,NOUN[QUANTITY]|NUM
parkoló,parkolónyi,1,NOUN[QUANTITY]|NUM
hajóraj,hajórajnyi,2,NOUN[QUANTITY]|NUM
jégcsap,jégcsapnyi,1,NOUN[QUANTITY]|NUM
párna,párnányi,2,NOUN[QUANTITY]|NUM
öt,ötödik,14,NUM[ORD]|NUM
szalag,szalagnyi,8,NOUN[QUANTITY]|NUM
szőlőlevél,szőlőlevélnyi,1,NOUN[QUANTITY]|NUM
ekealj,ekealjnyi,4,NOUN[QUANTITY]|NUM
csatatér,csatatérnyi,1,NOUN[QUANTITY]|NUM
repülő,repülőnyi,1,NOUN[QUANTITY]|NUM
dió,diónyi,25,NOUN[QUANTITY]|NUM
kovász,kovásznyi,1,NOUN[QUANTITY]|NUM
derékmagasság,derékmagasságnyi,1,NOUN[QUANTITY]|NUM
század,századnyi,33,NOUN[QUANTITY]|NUM
szupé,szupényi,1,NOUN[QUANTITY]|NUM
nappal,nappalnyi,2,NOUN[QUANTITY]|NUM
babszem,babszemnyi,12,NOUN[QUANTITY]|NUM
mura,murányi,141,NOUN[QUANTITY]|NUM
kettő,ketted,32,NUM[FRACT]|NUM
dobás,dobásnyi,2,NOUN[QUANTITY]|NUM
nyárfalevél,nyárfalevélnyi,1,NOUN[QUANTITY]|NUM
narancs,narancsnyi,1,NOUN[QUANTITY]|NUM
nyúl,nyúlnyi,2,NOUN[QUANTITY]|NUM
sehány,sehányadik,1,NUM[ORD]|NUM
villámlás,villámlásnyi,2,NOUN[QUANTITY]|NUM
lövet,lövetnyi,2,NOUN[QUANTITY]|NUM
szemétdomb,szemétdombnyi,1,NOUN[QUANTITY]|NUM
bekezdés,bekezdésnyi,9,NOUN[QUANTITY]|NUM
karszt,karsztnyi,1,NOUN[QUANTITY]|NUM
csillagrendszer,csillagrendszernyi,1,NOUN[QUANTITY]|NUM
rozs,rozsnyi,2,NOUN[QUANTITY]|NUM
raklap,raklapnyi,2,NOUN[QUANTITY]|NUM
gyufásdoboz,gyufásdoboznyi,4,NOUN[QUANTITY]|NUM
ágyás,ágyásnyi,4,NOUN[QUANTITY]|NUM
vendéglő,vendéglőnyi,1,NOUN[QUANTITY]|NUM
vessző,vesszőnyi,4,NOUN[QUANTITY]|NUM
hátizsák,hátizsáknyi,3,NOUN[QUANTITY]|NUM
balsors,balsorsnyi,1,NOUN[QUANTITY]|NUM
nagyságrend,nagyságrendnyi,8,NOUN[QUANTITY]|NUM
levéltár,levéltárnyi,2,NOUN[QUANTITY]|NUM
könnycsepp,könnycseppnyi,5,NOUN[QUANTITY]|NUM
lé,lényi,51,NOUN[QUANTITY]|NUM
bivaly,bivalynyi,3,NOUN[QUANTITY]|NUM
rák,ráknyi,1,NOUN[QUANTITY]|NUM
mosóteknő,mosóteknőnyi,1,NOUN[QUANTITY]|NUM
vonal,vonalnyi,13,NOUN[QUANTITY]|NUM
dobbanás,dobbanásnyi,1,NOUN[QUANTITY]|NUM
vizespohár,vizespohárnyi,6,NOUN[QUANTITY]|NUM
évszázad,évszázadnyi,11,NOUN[QUANTITY]|NUM
lexikon,lexikonnyi,3,NOUN[QUANTITY]|NUM
minuta,minutányi,3,NOUN[QUANTITY]|NUM
fokozat,fokozatnyi,8,NOUN[QUANTITY]|NUM
transzport,transzportnyi,1,NOUN[QUANTITY]|NUM
forint,forintnyi,28,NOUN[QUANTITY]|NUM
dada,dadányi,26,NOUN[QUANTITY]|NUM
vírus,vírusnyi,2,NOUN[QUANTITY]|NUM
újságlap,újságlapnyi,1,NOUN[QUANTITY]|NUM
személynév,személynévnyi,1,NOUN[QUANTITY]|NUM
dióhéj,dióhéjnyi,6,NOUN[QUANTITY]|NUM
kép,képnyi,3,NOUN[QUANTITY]|NUM
félhold,félholdnyi,10,NOUN[QUANTITY]|NUM
szív,szívnyi,3,NOUN[QUANTITY]|NUM
sok,legtöbb,73,NUM[SUPERLAT]|NUM
kastély,kastélynyi,1,NOUN[QUANTITY]|NUM
rándulás,rándulásnyi,1,NOUN[QUANTITY]|NUM
villa,villányi,87,NOUN[QUANTITY]|NUM
kulcslyuk,kulcslyuknyi,1,NOUN[QUANTITY]|NUM
vedres,vedresnyi,1,NOUN[QUANTITY]|NUM
emberfej,emberfejnyi,9,NOUN[QUANTITY]|NUM
maszat,maszatnyi,1,NOUN[QUANTITY]|NUM
olvasókönyv,olvasókönyvnyi,1,NOUN[QUANTITY]|NUM
játékszer,játékszernyi,1,NOUN[QUANTITY]|NUM
fon,fonnyi,2,NOUN[QUANTITY]|NUM
ismerős,ismerősnyi,1,NOUN[QUANTITY]|NUM
földgömb,földgömbnyi,1,NOUN[QUANTITY]|NUM
állam,államnyi,1,NOUN[QUANTITY]|NUM
odú,odúnyi,1,NOUN[QUANTITY]|NUM
dukát,dukátnyi,4,NOUN[QUANTITY]|NUM
szem,szemnyi,12,NOUN[QUANTITY]|NUM
deszkaszál,deszkaszálnyi,1,NOUN[QUANTITY]|NUM
picsa,picsányi,4,NOUN[QUANTITY]|NUM
tere,terényi,48,NOUN[QUANTITY]|NUM
emberöltő,emberöltőnyi,9,NOUN[QUANTITY]|NUM
társulat,társulatnyi,1,NOUN[QUANTITY]|NUM
posta,postányi,4,NOUN[QUANTITY]|NUM
kígyó,kígyónyi,4,NOUN[QUANTITY]|NUM
heveder,hevedernyi,1,NOUN[QUANTITY]|NUM
kés,késnyi,1,NOUN[QUANTITY]|NUM
fröccs,fröccsnyi,2,NOUN[QUANTITY]|NUM
állta,álltányi,2,NOUN[QUANTITY]|NUM
ennyi,ennyiedik,3,NUM[ORD]|NUM
negyedhang,negyedhangnyi,2,NOUN[QUANTITY]|NUM
lélegzet,lélegzetnyi,11,NOUN[QUANTITY]|NUM
gombolyag,gombolyagnyi,1,NOUN[QUANTITY]|NUM
éjszaka,éjszakányi,9,NOUN[QUANTITY]|NUM
vég,végnyi,1,NOUN[QUANTITY]|NUM
mustármag,mustármagnyi,11,NOUN[QUANTITY]|NUM
abrosz,abrosznyi,6,NOUN[QUANTITY]|NUM
váltás,váltásnyi,7,NOUN[QUANTITY]|NUM
aranyhal,aranyhalnyi,1,NOUN[QUANTITY]|NUM
la,lanyi,28,NOUN[QUANTITY]|NUM
hóvirág,hóvirágnyi,1,NOUN[QUANTITY]|NUM
egész,egésznyi,3,NOUN[QUANTITY]|NUM
maradék,maradéknyi,1,NOUN[QUANTITY]|NUM
mutatóujj,mutatóujjnyi,1,NOUN[QUANTITY]|NUM
gigabájt,gigabájtnyi,3,NOUN[QUANTITY]|NUM
mora,morányi,1,NOUN[QUANTITY]|NUM
robbanás,robbanásnyi,1,NOUN[QUANTITY]|NUM
megatonna,megatonnányi,2,NOUN[QUANTITY]|NUM
labda,labdányi,3,NOUN[QUANTITY]|NUM
őrült,őrültnyi,1,NOUN[QUANTITY]|NUM
peták,petáknyi,2,NOUN[QUANTITY]|NUM
kunhalom,kunhalomnyi,1,NOUN[QUANTITY]|NUM
berke,berkényi,10,NOUN[QUANTITY]|NUM
szer,szernyi,12,NOUN[QUANTITY]|NUM
bubi,bubinyi,1,NOUN[QUANTITY]|NUM
kontinens,kontinensnyi,10,NOUN[QUANTITY]|NUM
könyök,könyöknyi,12,NOUN[QUANTITY]|NUM
kaszás,kaszásnyi,9,NOUN[QUANTITY]|NUM
este,estényi,2,NOUN[QUANTITY]|NUM
körömhegy,körömhegynyi,6,NOUN[QUANTITY]|NUM
papír,papírnyi,1,NOUN[QUANTITY]|NUM
vonat,vonatnyi,3,NOUN[QUANTITY]|NUM
kvadrát,kvadrátnyi,2,NOUN[QUANTITY]|NUM
vízesés,vízesésnyi,2,NOUN[QUANTITY]|NUM
port,portnyi,1,NOUN[QUANTITY]|NUM
orsó,orsónyi,8,NOUN[QUANTITY]|NUM
mécses,mécsesnyi,1,NOUN[QUANTITY]|NUM
maga,magányi,10,NOUN[QUANTITY]|NUM
kisbirtok,kisbirtoknyi,1,NOUN[QUANTITY]|NUM
fajsúly,fajsúlynyi,1,NOUN[QUANTITY]|NUM
oldalpillantás,oldalpillantásnyi,1,NOUN[QUANTITY]|NUM
akáclevél,akáclevélnyi,1,NOUN[QUANTITY]|NUM
alkatrész,alkatrésznyi,1,NOUN[QUANTITY]|NUM
mélység,mélységnyi,3,NOUN[QUANTITY]|NUM
rizsa,rizsányi,2,NOUN[QUANTITY]|NUM
kolostor,kolostornyi,2,NOUN[QUANTITY]|NUM
hangya,hangyányi,10,NOUN[QUANTITY]|NUM
utcasarok,utcasaroknyi,2,NOUN[QUANTITY]|NUM
bibe,bibényi,2,NOUN[QUANTITY]|NUM
szula,szulányi,2,NOUN[QUANTITY]|NUM
mese,mesényi,2,NOUN[QUANTITY]|NUM
többség,többségnyi,1,NOUN[QUANTITY]|NUM
tiló,tilónyi,1,NOUN[QUANTITY]|NUM
dereglye,dereglyényi,1,NOUN[QUANTITY]|NUM
nagyváros,nagyvárosnyi,2,NOUN[QUANTITY]|NUM
comb,combnyi,5,NOUN[QUANTITY]|NUM
elefánt,elefántnyi,6,NOUN[QUANTITY]|NUM
szék,széknyi,1,NOUN[QUANTITY]|NUM
ország,országnyi,9,NOUN[QUANTITY]|NUM
kapu,kapunyi,4,NOUN[QUANTITY]|NUM
verskötet,verskötetnyi,1,NOUN[QUANTITY]|NUM
akol,akolnyi,2,NOUN[QUANTITY]|NUM
kenyér,kenyérnyi,5,NOUN[QUANTITY]|NUM
körömágy,körömágynyi,1,NOUN[QUANTITY]|NUM
lövés,lövésnyi,5,NOUN[QUANTITY]|NUM
kincsesház,kincsesháznyi,1,NOUN[QUANTITY]|NUM
filmkocka,filmkockányi,1,NOUN[QUANTITY]|NUM
magánkönyvtár,magánkönyvtárnyi,1,NOUN[QUANTITY]|NUM
valóság,valóságnyi,1,NOUN[QUANTITY]|NUM
bárka,bárkányi,36,NOUN[QUANTITY]|NUM
pete,petényi,51,NOUN[QUANTITY]|NUM
makra,makrányi,4,NOUN[QUANTITY]|NUM
záró,zárónyi,1,NOUN[QUANTITY]|NUM
kalória,kalóriányi,3,NOUN[QUANTITY]|NUM
koszorú,koszorúnyi,1,NOUN[QUANTITY]|NUM
evező,evezőnyi,1,NOUN[QUANTITY]|NUM
konc,koncnyi,1,NOUN[QUANTITY]|NUM
itatás,itatásnyi,1,NOUN[QUANTITY]|NUM
zöld,zöldnyi,1,NOUN[QUANTITY]|NUM
sugallat,sugallatnyi,1,NOUN[QUANTITY]|NUM
cilinder,cilindernyi,1,NOUN[QUANTITY]|NUM
dűlőföld,dűlőföldnyi,1,NOUN[QUANTITY]|NUM
tojáshéj,tojáshéjnyi,3,NOUN[QUANTITY]|NUM
toll,tollnyi,2,NOUN[QUANTITY]|NUM
gyermekfej,gyermekfejnyi,2,NOUN[QUANTITY]|NUM
ezredév,ezredévnyi,7,NOUN[QUANTITY]|NUM
járőr,járőrnyi,1,NOUN[QUANTITY]|NUM
szótár,szótárnyi,3,NOUN[QUANTITY]|NUM
egér,egérnyi,2,NOUN[QUANTITY]|NUM
kavics,kavicsnyi,1,NOUN[QUANTITY]|NUM
vacsora,vacsorányi,2,NOUN[QUANTITY]|NUM
tornaterem,tornateremnyi,3,NOUN[QUANTITY]|NUM
ló,lónyi,4,NOUN[QUANTITY]|NUM
trilógia,trilógiányi,1,NOUN[QUANTITY]|NUM
millió,milliónyi,13,NUM[QUANTITY]|NUM
dárdavetés,dárdavetésnyi,1,NOUN[QUANTITY]|NUM
hiszekegy,hiszekegynyi,2,NOUN[QUANTITY]|NUM
hónalj,hónaljnyi,2,NOUN[QUANTITY]|NUM
szemrebbenés,szemrebbenésnyi,2,NOUN[QUANTITY]|NUM
kar,karnyi,9,NOUN[QUANTITY]|NUM
dollár,dollárnyi,9,NOUN[QUANTITY]|NUM
bogár,bogárnyi,3,NOUN[QUANTITY]|NUM
kőzápor,kőzápornyi,1,NOUN[QUANTITY]|NUM
amfora,amforányi,2,NOUN[QUANTITY]|NUM
lexéma,lexémányi,5,NOUN[QUANTITY]|NUM
ülőhely,ülőhelynyi,2,NOUN[QUANTITY]|NUM
ecset,ecsetnyi,1,NOUN[QUANTITY]|NUM
felkiáltójel,felkiáltójelnyi,1,NOUN[QUANTITY]|NUM
marja,marjányi,1,NOUN[QUANTITY]|NUM
változó,változónyi,3,NOUN[QUANTITY]|NUM
hasonlat,hasonlatnyi,1,NOUN[QUANTITY]|NUM
szabadság,szabadságnyi,1,NOUN[QUANTITY]|NUM
hegedűvonó,hegedűvonónyi,1,NOUN[QUANTITY]|NUM
máglyarakás,máglyarakásnyi,1,NOUN[QUANTITY]|NUM
szamár,szamárnyi,2,NOUN[QUANTITY]|NUM
emlő,emlőnyi,1,NOUN[QUANTITY]|NUM
jel,jelnyi,2,NOUN[QUANTITY]|NUM
fohászkodás,fohászkodásnyi,1,NOUN[QUANTITY]|NUM
országhatár,országhatárnyi,1,NOUN[QUANTITY]|NUM
voks,voksnyi,2,NOUN[QUANTITY]|NUM
medence,medencényi,3,NOUN[QUANTITY]|NUM
törpe,törpényi,18,NOUN[QUANTITY]|NUM
mokkáscsésze,mokkáscsészényi,1,NOUN[QUANTITY]|NUM
bogyó,bogyónyi,1,NOUN[QUANTITY]|NUM
makk,makknyi,1,NOUN[QUANTITY]|NUM
évmillió,évmilliónyi,1,NOUN[QUANTITY]|NUM
holdvilág,holdvilágnyi,1,NOUN[QUANTITY]|NUM
per,pernyi,6,NOUN[QUANTITY]|NUM
szivar,szivarnyi,4,NOUN[QUANTITY]|NUM
ujjperec,ujjperecnyi,1,NOUN[QUANTITY]|NUM
borsszem,borsszemnyi,1,NOUN[QUANTITY]|NUM
korona,koronányi,11,NOUN[QUANTITY]|NUM
felvonás,felvonásnyi,5,NOUN[QUANTITY]|NUM
bula,bulányi,300,NOUN[QUANTITY]|NUM
lokátor,lokátornyi,1,NOUN[QUANTITY]|NUM
kocsiderék,kocsideréknyi,3,NOUN[QUANTITY]|NUM
bázispont,bázispontnyi,1,NOUN[QUANTITY]|NUM
kéz,kéznyi,3,NOUN[QUANTITY]|NUM
kas,kasnyi,2,NOUN[QUANTITY]|NUM
csorda,csordányi,5,NOUN[QUANTITY]|NUM
tubus,tubusnyi,2,NOUN[QUANTITY]|NUM
impulzus,impulzusnyi,1,NOUN[QUANTITY]|NUM
szösszenet,szösszenetnyi,3,NOUN[QUANTITY]|NUM
dara,darányi,207,NOUN[QUANTITY]|NUM
kerékvágás,kerékvágásnyi,1,NOUN[QUANTITY]|NUM
pad,padnyi,3,NOUN[QUANTITY]|NUM
bütyök,bütyöknyi,1,NOUN[QUANTITY]|NUM
karcolat,karcolatnyi,1,NOUN[QUANTITY]|NUM
pipaszár,pipaszárnyi,2,NOUN[QUANTITY]|NUM
szér,szérnyi,1,NOUN[QUANTITY]|NUM
jen,jennyi,4,NOUN[QUANTITY]|NUM
sámli,sámlinyi,1,NOUN[QUANTITY]|NUM
konténer,konténernyi,1,NOUN[QUANTITY]|NUM
szalmakazal,szalmakazalnyi,1,NOUN[QUANTITY]|NUM
garzonlakás,garzonlakásnyi,1,NOUN[QUANTITY]|NUM
rémtörténet,rémtörténetnyi,1,NOUN[QUANTITY]|NUM
bacsó,bacsónyi,2,NOUN[QUANTITY]|NUM
föld,földnyi,11,NOUN[QUANTITY]|NUM
hamutál,hamutálnyi,1,NOUN[QUANTITY]|NUM
szó,szónyi,10,NOUN[QUANTITY]|NUM
komiszkenyér,komiszkenyérnyi,1,NOUN[QUANTITY]|NUM
liter,liternyi,10,NOUN[QUANTITY]|NUM
pisszenés,pisszenésnyi,2,NOUN[QUANTITY]|NUM
csecsemő,csecsemőnyi,1,NOUN[QUANTITY]|NUM
kormány,kormánynyi,1,NOUN[QUANTITY]|NUM
drachma,drachmányi,1,NOUN[QUANTITY]|NUM
kopejka,kopejkányi,3,NOUN[QUANTITY]|NUM
buca,bucányi,1,NOUN[QUANTITY]|NUM
lát,látnyi,4,NOUN[QUANTITY]|NUM
hallás,hallásnyi,1,NOUN[QUANTITY]|NUM
sejtés,sejtésnyi,1,NOUN[QUANTITY]|NUM
mandula,mandulányi,2,NOUN[QUANTITY]|NUM
vonulás,vonulásnyi,1,NOUN[QUANTITY]|NUM
tized,tizednyi,33,NOUN[QUANTITY]|NUM
pántlika,pántlikányi,3,NOUN[QUANTITY]|NUM
watt,wattnyi,4,NOUN[QUANTITY]|NUM
tavacska,tavacskányi,1,NOUN[QUANTITY]|NUM
szöveg,szövegnyi,2,NOUN[QUANTITY]|NUM
megálló,megállónyi,4,NOUN[QUANTITY]|NUM
lakóház,lakóháznyi,1,NOUN[QUANTITY]|NUM
bibi,bibinyi,1,NOUN[QUANTITY]|NUM
bögre,bögrényi,8,NOUN[QUANTITY]|NUM
ötforintos,ötforintosnyi,2,NOUN[QUANTITY]|NUM
orr,orrnyi,3,NOUN[QUANTITY]|NUM
szi,szinyi,6,NOUN[QUANTITY]|NUM
penge,pengényi,1,NOUN[QUANTITY]|NUM
alagút,alagútnyi,2,NOUN[QUANTITY]|NUM
fogkefe,fogkefényi,1,NOUN[QUANTITY]|NUM
szütyő,szütyőnyi,1,NOUN[QUANTITY]|NUM
gyerekfej,gyerekfejnyi,4,NOUN[QUANTITY]|NUM
gondolat,gondolatnyi,14,NOUN[QUANTITY]|NUM
múmia,múmiányi,1,NOUN[QUANTITY]|NUM
gerezd,gerezdnyi,2,NOUN[QUANTITY]|NUM
mázsa,mázsányi,9,NOUN[QUANTITY]|NUM
szak,szaknyi,152,NOUN[QUANTITY]|NUM
mondat,mondatnyi,12,NOUN[QUANTITY]|NUM
süveg,süvegnyi,1,NOUN[QUANTITY]|NUM
összemarok,összemaroknyi,2,NOUN[QUANTITY]|NUM
mennyi,mennyiedik,1,NUM[ORD]|NUM
virágbimbó,virágbimbónyi,1,NOUN[QUANTITY]|NUM
arany,aranynyi,3,NOUN[QUANTITY]|NUM
lóláb,lólábnyi,1,NOUN[QUANTITY]|NUM
sportcsarnok,sportcsarnoknyi,2,NOUN[QUANTITY]|NUM
háromnegyed,háromnegyednyi,2,NUM[QUANTITY]|NUM
mértékegység,mértékegységnyi,1,NOUN[QUANTITY]|NUM
vak,vaknyi,1,NOUN[QUANTITY]|NUM
pokróc,pokrócnyi,1,NOUN[QUANTITY]|NUM
negyedhold,negyedholdnyi,4,NOUN[QUANTITY]|NUM
gyertyafény,gyertyafénynyi,1,NOUN[QUANTITY]|NUM
virágcserép,virágcserépnyi,1,NOUN[QUANTITY]|NUM
millió,milliomod,22,NUM[FRACT]|NUM
helynév,helynévnyi,2,NOUN[QUANTITY]|NUM
körív,körívnyi,1,NOUN[QUANTITY]|NUM
rakat,rakatnyi,1,NOUN[QUANTITY]|NUM
ész,észnyi,1,NOUN[QUANTITY]|NUM
csónak,csónaknyi,5,NOUN[QUANTITY]|NUM
akkord,akkordnyi,1,NOUN[QUANTITY]|NUM
ménes,ménesnyi,7,NOUN[QUANTITY]|NUM
gang,gangnyi,1,NOUN[QUANTITY]|NUM
terrárium,terráriumnyi,1,NOUN[QUANTITY]|NUM
szila,szilányi,12,NOUN[QUANTITY]|NUM
elő,előnyi,2,NOUN[QUANTITY]|NUM
gyúrótábla,gyúrótáblányi,1,NOUN[QUANTITY]|NUM
kordé,kordényi,1,NOUN[QUANTITY]|NUM
kistányér,kistányérnyi,5,NOUN[QUANTITY]|NUM
cent,centnyi,5,NOUN[QUANTITY]|NUM
bakarasz,bakarasznyi,4,NOUN[QUANTITY]|NUM
emberfő,emberfőnyi,2,NOUN[QUANTITY]|NUM
gyakorlótér,gyakorlótérnyi,1,NOUN[QUANTITY]|NUM
baktérium,baktériumnyi,1,NOUN[QUANTITY]|NUM
ugratás,ugratásnyi,1,NOUN[QUANTITY]|NUM
légypiszok,légypiszoknyi,1,NOUN[QUANTITY]|NUM
levélváltás,levélváltásnyi,1,NOUN[QUANTITY]|NUM
lábos,lábosnyi,1,NOUN[QUANTITY]|NUM
futballpálya,futballpályányi,6,NOUN[QUANTITY]|NUM
kiállítás,kiállításnyi,1,NOUN[QUANTITY]|NUM
szú,szúnyi,1,NOUN[QUANTITY]|NUM
légcsavar,légcsavarnyi,1,NOUN[QUANTITY]|NUM
kocsi,kocsinyi,4,NOUN[QUANTITY]|NUM
jégvirág,jégvirágnyi,1,NOUN[QUANTITY]|NUM
lúdtoll,lúdtollnyi,1,NOUN[QUANTITY]|NUM
minutum,minutumnyi,1,NOUN[QUANTITY]|NUM
gyalogséta,gyalogsétányi,1,NOUN[QUANTITY]|NUM
napév,napévnyi,2,NOUN[QUANTITY]|NUM
meny,menynyi,11,NOUN[QUANTITY]|NUM
oszlop,oszlopnyi,8,NOUN[QUANTITY]|NUM
pohár,pohárnyi,10,NOUN[QUANTITY]|NUM
fogás,fogásnyi,7,NOUN[QUANTITY]|NUM
málha,málhányi,1,NOUN[QUANTITY]|NUM
csöpp,csöppnyi,17,NOUN[QUANTITY]|NUM
pontocska,pontocskányi,1,NOUN[QUANTITY]|NUM
falevél,falevélnyi,2,NOUN[QUANTITY]|NUM
sok,sokadik,14,NUM[ORD]|NUM
kamat,kamatnyi,1,NOUN[QUANTITY]|NUM
barikád,barikádnyi,1,NOUN[QUANTITY]|NUM
kilátás,kilátásnyi,1,NOUN[QUANTITY]|NUM
karakter,karakternyi,6,NOUN[QUANTITY]|NUM
dupla,duplányi,2,NOUN[QUANTITY]|NUM
kevés,legeslegkevesebb,2,NUM[SUPER-SUPERLAT]|NUM
tabulátor,tabulátornyi,1,NOUN[QUANTITY]|NUM
csoport,csoportnyi,7,NOUN[QUANTITY]|NUM
beszéd,beszédnyi,2,NOUN[QUANTITY]|NUM
toronymagasság,toronymagasságnyi,2,NOUN[QUANTITY]|NUM
hangár,hangárnyi,3,NOUN[QUANTITY]|NUM
madonna,madonnányi,1,NOUN[QUANTITY]|NUM
zongora,zongorányi,1,NOUN[QUANTITY]|NUM
rézpénz,rézpénznyi,1,NOUN[QUANTITY]|NUM
robot,robotnyi,1,NOUN[QUANTITY]|NUM
ma,mányi,45,NOUN[QUANTITY]|NUM
alvás,alvásnyi,1,NOUN[QUANTITY]|NUM
szemcse,szemcsényi,10,NOUN[QUANTITY]|NUM
könyvtár,könyvtárnyi,15,NOUN[QUANTITY]|NUM
terem,teremnyi,6,NOUN[QUANTITY]|NUM
reakció,reakciónyi,1,NOUN[QUANTITY]|NUM
szérű,szérűnyi,1,NOUN[QUANTITY]|NUM
stádium,stádiumnyi,10,NOUN[QUANTITY]|NUM
halva,halványi,3,NOUN[QUANTITY]|NUM
parázs,parázsnyi,2,NOUN[QUANTITY]|NUM
rózsaolaj,rózsaolajnyi,1,NOUN[QUANTITY]|NUM
ívrét,ívrétnyi,3,NOUN[QUANTITY]|NUM
konzervdoboz,konzervdoboznyi,1,NOUN[QUANTITY]|NUM
eke,ekényi,20,NOUN[QUANTITY]|NUM
százmillió,százmilliónyi,5,NOUN[QUANTITY]|NUM
kor,kornyi,1,NOUN[QUANTITY]|NUM
kád,kádnyi,4,NOUN[QUANTITY]|NUM
kakasszó,kakasszónyi,1,NOUN[QUANTITY]|NUM
törülköző,törülközőnyi,1,NOUN[QUANTITY]|NUM
szemhatár,szemhatárnyi,1,NOUN[QUANTITY]|NUM
pont,pontnyi,11,NOUN[QUANTITY]|NUM
teáskanál,teáskanálnyi,12,NOUN[QUANTITY]|NUM
pacsirtadal,pacsirtadalnyi,1,NOUN[QUANTITY]|NUM
teniszpálya,teniszpályányi,2,NOUN[QUANTITY]|NUM
adag,adagnyi,6,NOUN[QUANTITY]|NUM
ujjhegy,ujjhegynyi,5,NOUN[QUANTITY]|NUM
szar,szarnyi,5,NOUN[QUANTITY]|NUM
villám,villámnyi,1,NOUN[QUANTITY]|NUM
hektár,hektárnyi,18,NOUN[QUANTITY]|NUM
gyümölcs,gyümölcsnyi,1,NOUN[QUANTITY]|NUM
fazék,fazéknyi,7,NOUN[QUANTITY]|NUM
millió,milliomodik,8,NUM[ORD]|NUM
fiola,fiolányi,1,NOUN[QUANTITY]|NUM
lépcső,lépcsőnyi,9,NOUN[QUANTITY]|NUM
könyvtárszoba,könyvtárszobányi,1,NOUN[QUANTITY]|NUM
hegylánc,hegyláncnyi,1,NOUN[QUANTITY]|NUM
szakajtókosár,szakajtókosárnyi,2,NOUN[QUANTITY]|NUM
sörivás,sörivásnyi,2,NOUN[QUANTITY]|NUM
felhőkarcoló,felhőkarcolónyi,2,NOUN[QUANTITY]|NUM
pozíció,pozíciónyi,1,NOUN[QUANTITY]|NUM
jura,jurányi,45,NOUN[QUANTITY]|NUM
sukk,sukknyi,2,NOUN[QUANTITY]|NUM
porfészek,porfészeknyi,1,NOUN[QUANTITY]|NUM
érdemjegy,érdemjegynyi,1,NOUN[QUANTITY]|NUM
horgász,horgásznyi,1,NOUN[QUANTITY]|NUM
könyék,könyéknyi,2,NOUN[QUANTITY]|NUM
alj,aljnyi,2,NOUN[QUANTITY]|NUM
kendermag,kendermagnyi,1,NOUN[QUANTITY]|NUM
jászol,jászolnyi,1,NOUN[QUANTITY]|NUM
kurta,kurtányi,4,NOUN[QUANTITY]|NUM
szóalak,szóalaknyi,1,NOUN[QUANTITY]|NUM
molekula,molekulányi,7,NOUN[QUANTITY]|NUM
oktáv,oktávnyi,5,NOUN[QUANTITY]|NUM
hó,hónyi,7,NOUN[QUANTITY]|NUM
távcső,távcsőnyi,1,NOUN[QUANTITY]|NUM
pofa,pofányi,1,NOUN[QUANTITY]|NUM
mosófazék,mosófazéknyi,1,NOUN[QUANTITY]|NUM
mélyföld,mélyföldnyi,3,NOUN[QUANTITY]|NUM
versszak,versszaknyi,6,NOUN[QUANTITY]|NUM
rakéta,rakétányi,1,NOUN[QUANTITY]|NUM
ügy,ügynyi,1,NOUN[QUANTITY]|NUM
lihegés,lihegésnyi,1,NOUN[QUANTITY]|NUM
libaúsztató,libaúsztatónyi,1,NOUN[QUANTITY]|NUM
telek,teleknyi,19,NOUN[QUANTITY]|NUM
szekérderék,szekérderéknyi,9,NOUN[QUANTITY]|NUM
gyufaszál,gyufaszálnyi,6,NOUN[QUANTITY]|NUM
tengerszem,tengerszemnyi,1,NOUN[QUANTITY]|NUM
négyszög,négyszögnyi,3,NOUN[QUANTITY]|NUM
lakás,lakásnyi,4,NOUN[QUANTITY]|NUM
porta,portányi,2,NOUN[QUANTITY]|NUM
órácska,órácskányi,3,NOUN[QUANTITY]|NUM
garas,garasnyi,8,NOUN[QUANTITY]|NUM
nyomelem,nyomelemnyi,2,NOUN[QUANTITY]|NUM
ital,italnyi,2,NOUN[QUANTITY]|NUM
dél,délnyi,3,NOUN[QUANTITY]|NUM
irattartó,irattartónyi,1,NOUN[QUANTITY]|NUM
pillantás,pillantásnyi,8,NOUN[QUANTITY]|NUM
rúpia,rúpiányi,3,NOUN[QUANTITY]|NUM
rekord,rekordnyi,3,NOUN[QUANTITY]|NUM
ezredrész,ezredrésznyi,3,NOUN[QUANTITY]|NUM
bronz,bronznyi,1,NOUN[QUANTITY]|NUM
szünet,szünetnyi,5,NOUN[QUANTITY]|NUM
váltógaras,váltógarasnyi,1,NOUN[QUANTITY]|NUM
imádság,imádságnyi,1,NOUN[QUANTITY]|NUM
veréb,verébnyi,5,NOUN[QUANTITY]|NUM
sírhely,sírhelynyi,6,NOUN[QUANTITY]|NUM
falu,falunyi,11,NOUN[QUANTITY]|NUM
köblös,köblösnyi,1,NOUN[QUANTITY]|NUM
özön,özönnyi,6,NOUN[QUANTITY]|NUM
font,fontnyi,12,NOUN[QUANTITY]|NUM
kagyló,kagylónyi,1,NOUN[QUANTITY]|NUM
kirakat,kirakatnyi,2,NOUN[QUANTITY]|NUM
bőrönd,bőröndnyi,7,NOUN[QUANTITY]|NUM
kincs,kincsnyi,1,NOUN[QUANTITY]|NUM
harang,harangnyi,1,NOUN[QUANTITY]|NUM
halma,halmányi,174,NOUN[QUANTITY]|NUM
denevér,denevérnyi,2,NOUN[QUANTITY]|NUM
válogatás,válogatásnyi,1,NOUN[QUANTITY]|NUM
táska,táskányi,7,NOUN[QUANTITY]|NUM
szarvashiba,szarvashibányi,1,NOUN[QUANTITY]|NUM
emberhalál,emberhalálnyi,2,NOUN[QUANTITY]|NUM
ölelés,ölelésnyi,4,NOUN[QUANTITY]|NUM
ciceró,cicerónyi,3,NOUN[QUANTITY]|NUM
gyorsvonat,gyorsvonatnyi,1,NOUN[QUANTITY]|NUM
gyula,gyulányi,10,NOUN[QUANTITY]|NUM
szikla,sziklányi,4,NOUN[QUANTITY]|NUM
időszak,időszaknyi,1,NOUN[QUANTITY]|NUM
makrokozmosz,makrokozmosznyi,1,NOUN[QUANTITY]|NUM
korong,korongnyi,2,NOUN[QUANTITY]|NUM
pint,pintnyi,2,NOUN[QUANTITY]|NUM
kötőtű,kötőtűnyi,1,NOUN[QUANTITY]|NUM
targonca,targoncányi,1,NOUN[QUANTITY]|NUM
tehervagon,tehervagonnyi,2,NOUN[QUANTITY]|NUM
biccentés,biccentésnyi,1,NOUN[QUANTITY]|NUM
létra,létrányi,1,NOUN[QUANTITY]|NUM
negyven,negyvenedik,20,NUM[ORD]|NUM
köles,kölesnyi,2,NOUN[QUANTITY]|NUM
cin,cinnyi,1,NOUN[QUANTITY]|NUM
gyom,gyomnyi,2,NOUN[QUANTITY]|NUM
öltözet,öltözetnyi,1,NOUN[QUANTITY]|NUM
szála,szálányi,1,NOUN[QUANTITY]|NUM
csípés,csípésnyi,2,NOUN[QUANTITY]|NUM
ing,ingnyi,1,NOUN[QUANTITY]|NUM
göröngy,göröngynyi,1,NOUN[QUANTITY]|NUM
borosta,borostányi,2,NOUN[QUANTITY]|NUM
biblia,bibliányi,5,NOUN[QUANTITY]|NUM
boltív,boltívnyi,1,NOUN[QUANTITY]|NUM
kerület,kerületnyi,3,NOUN[QUANTITY]|NUM
vasárnap,vasárnapnyi,1,NOUN[QUANTITY]|NUM
tekercs,tekercsnyi,3,NOUN[QUANTITY]|NUM
villámcsapás,villámcsapásnyi,2,NOUN[QUANTITY]|NUM
szalvéta,szalvétányi,1,NOUN[QUANTITY]|NUM
atmoszféra,atmoszférányi,1,NOUN[QUANTITY]|NUM
kávéscsésze,kávéscsészényi,2,NOUN[QUANTITY]|NUM
fenyőfa,fenyőfányi,1,NOUN[QUANTITY]|NUM
kutyaól,kutyaólnyi,1,NOUN[QUANTITY]|NUM
járat,járatnyi,1,NOUN[QUANTITY]|NUM
fatörzs,fatörzsnyi,2,NOUN[QUANTITY]|NUM
vödör,vödörnyi,9,NOUN[QUANTITY]|NUM
simogatás,simogatásnyi,2,NOUN[QUANTITY]|NUM
pajta,pajtányi,3,NOUN[QUANTITY]|NUM
telep,telepnyi,1,NOUN[QUANTITY]|NUM
magas,magasnyi,1,NOUN[QUANTITY]|NUM
irtás,irtásnyi,1,NOUN[QUANTITY]|NUM
nüánsz,nüánsznyi,2,NOUN[QUANTITY]|NUM
cafat,cafatnyi,5,NOUN[QUANTITY]|NUM
piac,piacnyi,1,NOUN[QUANTITY]|NUM
infarktus,infarktusnyi,1,NOUN[QUANTITY]|NUM
csuklás,csuklásnyi,1,NOUN[QUANTITY]|NUM
cipőtalp,cipőtalpnyi,1,NOUN[QUANTITY]|NUM
árkus,árkusnyi,3,NOUN[QUANTITY]|NUM
vonás,vonásnyi,1,NOUN[QUANTITY]|NUM
kölyökkutya,kölyökkutyányi,1,NOUN[QUANTITY]|NUM
pingponglabda,pingponglabdányi,3,NOUN[QUANTITY]|NUM
bokály,bokálynyi,1,NOUN[QUANTITY]|NUM
papírzsák,papírzsáknyi,1,NOUN[QUANTITY]|NUM
hamvveder,hamvvedernyi,1,NOUN[QUANTITY]|NUM
csá,csányi,84,NOUN[QUANTITY]|NUM
toboz,toboznyi,1,NOUN[QUANTITY]|NUM
ívlap,ívlapnyi,1,NOUN[QUANTITY]|NUM
kocka,kockányi,10,NOUN[QUANTITY]|NUM
istálló,istállónyi,1,NOUN[QUANTITY]|NUM
cicoma,cicományi,1,NOUN[QUANTITY]|NUM
buli,bulinyi,1,NOUN[QUANTITY]|NUM
szólam,szólamnyi,2,NOUN[QUANTITY]|NUM
batka,batkányi,2,NOUN[QUANTITY]|NUM
rész,résznyi,13,NOUN[QUANTITY]|NUM
félkör,félkörnyi,5,NOUN[QUANTITY]|NUM
kisszótár,kisszótárnyi,1,NOUN[QUANTITY]|NUM
pogácsa,pogácsányi,1,NOUN[QUANTITY]|NUM
szobor,szobornyi,1,NOUN[QUANTITY]|NUM
szilva,szilványi,10,NOUN[QUANTITY]|NUM
forduló,fordulónyi,5,NOUN[QUANTITY]|NUM
kardcsapás,kardcsapásnyi,1,NOUN[QUANTITY]|NUM
nyomó,nyomónyi,1,NOUN[QUANTITY]|NUM
deci,decinyi,4,NOUN[QUANTITY]|NUM
hexameter,hexameternyi,1,NOUN[QUANTITY]|NUM
fügefa,fügefányi,1,NOUN[QUANTITY]|NUM
koppanás,koppanásnyi,1,NOUN[QUANTITY]|NUM
napfordulás,napfordulásnyi,1,NOUN[QUANTITY]|NUM
kuka,kukányi,2,NOUN[QUANTITY]|NUM
futam,futamnyi,4,NOUN[QUANTITY]|NUM
haza,hazányi,5,NOUN[QUANTITY]|NUM
munkaerő,munkaerőnyi,1,NOUN[QUANTITY]|NUM
góliát,góliátnyi,1,NOUN[QUANTITY]|NUM
márványlap,márványlapnyi,1,NOUN[QUANTITY]|NUM
kilenc,kilencnyi,1,NUM[QUANTITY]|NUM
kabátgomb,kabátgombnyi,1,NOUN[QUANTITY]|NUM
dézsa,dézsányi,20,NOUN[QUANTITY]|NUM
oszlopfő,oszlopfőnyi,1,NOUN[QUANTITY]|NUM
gyaloglás,gyaloglásnyi,2,NOUN[QUANTITY]|NUM
lavór,lavórnyi,5,NOUN[QUANTITY]|NUM
szavazat,szavazatnyi,5,NOUN[QUANTITY]|NUM
kevés,kevesedik,9,NUM[ORD]|NUM
érzék,érzéknyi,1,NOUN[QUANTITY]|NUM
talentum,talentumnyi,6,NOUN[QUANTITY]|NUM
hatvan,hatvanadik,12,NUM[ORD]|NUM
nyaláb,nyalábnyi,5,NOUN[QUANTITY]|NUM
átló,átlónyi,1,NOUN[QUANTITY]|NUM
lágytojás,lágytojásnyi,1,NOUN[QUANTITY]|NUM
délelőtt,délelőttnyi,3,NOUN[QUANTITY]|NUM
kabát,kabátnyi,1,NOUN[QUANTITY]|NUM
pénztár,pénztárnyi,1,NOUN[QUANTITY]|NUM
vízmérték,vízmértéknyi,7,NOUN[QUANTITY]|NUM
homokzsák,homokzsáknyi,1,NOUN[QUANTITY]|NUM
gulya,gulyányi,3,NOUN[QUANTITY]|NUM
bála,bálányi,8,NOUN[QUANTITY]|NUM
terpesz,terpesznyi,1,NOUN[QUANTITY]|NUM
akárhány,akárhanyadik,2,NUM[ORD]|NUM
táncterem,táncteremnyi,1,NOUN[QUANTITY]|NUM
karcsapás,karcsapásnyi,1,NOUN[QUANTITY]|NUM
szakadék,szakadéknyi,9,NOUN[QUANTITY]|NUM
skála,skálányi,2,NOUN[QUANTITY]|NUM
krumplivirág,krumplivirágnyi,1,NOUN[QUANTITY]|NUM
szöglet,szögletnyi,2,NOUN[QUANTITY]|NUM
méhraj,méhrajnyi,1,NOUN[QUANTITY]|NUM
félsziget,félszigetnyi,1,NOUN[QUANTITY]|NUM
szénaboglya,szénaboglyányi,2,NOUN[QUANTITY]|NUM
nyél,nyélnyi,1,NOUN[QUANTITY]|NUM
tizedrész,tizedrésznyi,8,NOUN[QUANTITY]|NUM
alkotás,alkotásnyi,1,NOUN[QUANTITY]|NUM
pusztaság,pusztaságnyi,2,NOUN[QUANTITY]|NUM
gála,gálányi,1,NOUN[QUANTITY]|NUM
szippantás,szippantásnyi,6,NOUN[QUANTITY]|NUM
jog,jognyi,1,NOUN[QUANTITY]|NUM
lebbenés,lebbenésnyi,1,NOUN[QUANTITY]|NUM
kartondoboz,kartondoboznyi,2,NOUN[QUANTITY]|NUM
kvint,kvintnyi,24,NOUN[QUANTITY]|NUM
fohász,fohásznyi,1,NOUN[QUANTITY]|NUM
folyosó,folyosónyi,2,NOUN[QUANTITY]|NUM
dal,dalnyi,2,NOUN[QUANTITY]|NUM
metszet,metszetnyi,1,NOUN[QUANTITY]|NUM
szapuló,szapulónyi,1,NOUN[QUANTITY]|NUM
alma,almányi,6,NOUN[QUANTITY]|NUM
brosstű,brosstűnyi,1,NOUN[QUANTITY]|NUM
valuta,valutányi,1,NOUN[QUANTITY]|NUM
öntő,öntőnyi,1,NOUN[QUANTITY]|NUM
kiadás,kiadásnyi,1,NOUN[QUANTITY]|NUM
röpte,röptényi,2,NOUN[QUANTITY]|NUM
óvoda,óvodányi,1,NOUN[QUANTITY]|NUM
tábor,tábornyi,3,NOUN[QUANTITY]|NUM
emlék,emléknyi,3,NOUN[QUANTITY]|NUM
tollvonás,tollvonásnyi,1,NOUN[QUANTITY]|NUM
garád,garádnyi,1,NOUN[QUANTITY]|NUM
bokor,bokornyi,8,NOUN[QUANTITY]|NUM
négyzetcentiméter,négyzetcentiméternyi,7,NOUN[QUANTITY]|NUM
rügy,rügynyi,1,NOUN[QUANTITY]|NUM
félóra,félórányi,10,NOUN[QUANTITY]|NUM
település,településnyi,1,NOUN[QUANTITY]|NUM
brosúra,brosúrányi,1,NOUN[QUANTITY]|NUM
dzsungel,dzsungelnyi,2,NOUN[QUANTITY]|NUM
tök,töknyi,5,NOUN[QUANTITY]|NUM
átmérő,átmérőnyi,8,NOUN[QUANTITY]|NUM
shilling,shillingnyi,28,NOUN[QUANTITY]|NUM
decibel,decibelnyi,1,NOUN[QUANTITY]|NUM
nátha,náthányi,1,NOUN[QUANTITY]|NUM
szalmaláng,szalmalángnyi,1,NOUN[QUANTITY]|NUM
szentjánosbogár,szentjánosbogárnyi,3,NOUN[QUANTITY]|NUM
galamb,galambnyi,3,NOUN[QUANTITY]|NUM
hangsúly,hangsúlynyi,2,NOUN[QUANTITY]|NUM
hajítás,hajításnyi,3,NOUN[QUANTITY]|NUM
folyó,folyónyi,3,NOUN[QUANTITY]|NUM
ajtó,ajtónyi,5,NOUN[QUANTITY]|NUM
pintes,pintesnyi,1,NOUN[QUANTITY]|NUM
könyv,könyvnyi,11,NOUN[QUANTITY]|NUM
pele,pelényi,18,NOUN[QUANTITY]|NUM
váza,vázányi,1,NOUN[QUANTITY]|NUM
szektor,szektornyi,2,NOUN[QUANTITY]|NUM
nemzedék,nemzedéknyi,11,NOUN[QUANTITY]|NUM
félemelet,félemeletnyi,4,NOUN[QUANTITY]|NUM
hunyor,hunyornyi,1,NOUN[QUANTITY]|NUM
orrhossz,orrhossznyi,2,NOUN[QUANTITY]|NUM
szekreter,szekreternyi,1,NOUN[QUANTITY]|NUM
hadtest,hadtestnyi,2,NOUN[QUANTITY]|NUM
ötödrész,ötödrésznyi,4,NOUN[QUANTITY]|NUM
makula,makulányi,9,NOUN[QUANTITY]|NUM
szisszenés,szisszenésnyi,2,NOUN[QUANTITY]|NUM
findzsa,findzsányi,4,NOUN[QUANTITY]|NUM
bulvár,bulvárnyi,1,NOUN[QUANTITY]|NUM
hétfő,hétfőnyi,1,NOUN[QUANTITY]|NUM
por,pornyi,1,NOUN[QUANTITY]|NUM
karcolás,karcolásnyi,5,NOUN[QUANTITY]|NUM
kamion,kamionnyi,6,NOUN[QUANTITY]|NUM
epizód,epizódnyi,2,NOUN[QUANTITY]|NUM
látóhatár,látóhatárnyi,1,NOUN[QUANTITY]|NUM
menet,menetnyi,1,NOUN[QUANTITY]|NUM
kaptár,kaptárnyi,4,NOUN[QUANTITY]|NUM
érték,értéknyi,3,NOUN[QUANTITY]|NUM
száj,szájnyi,3,NOUN[QUANTITY]|NUM
sóhajtás,sóhajtásnyi,10,NOUN[QUANTITY]|NUM
technika,technikányi,1,NOUN[QUANTITY]|NUM
népvándorlás,népvándorlásnyi,1,NOUN[QUANTITY]|NUM
szám,számnyi,1,NOUN[QUANTITY]|NUM
kalap,kalapnyi,5,NOUN[QUANTITY]|NUM
fogpiszkáló,fogpiszkálónyi,1,NOUN[QUANTITY]|NUM
tehervonat,tehervonatnyi,1,NOUN[QUANTITY]|NUM
hullámhossz,hullámhossznyi,1,NOUN[QUANTITY]|NUM
ülep,ülepnyi,1,NOUN[QUANTITY]|NUM
párka,párkányi,60,NOUN[QUANTITY]|NUM
árok,ároknyi,2,NOUN[QUANTITY]|NUM
telér,telérnyi,1,NOUN[QUANTITY]|NUM
üzlet,üzletnyi,1,NOUN[QUANTITY]|NUM
dó,dónyi,2,NOUN[QUANTITY]|NUM
sírhant,sírhantnyi,2,NOUN[QUANTITY]|NUM
szelep,szelepnyi,1,NOUN[QUANTITY]|NUM
kele,kelényi,50,NOUN[QUANTITY]|NUM
rakás,rakásnyi,4,NOUN[QUANTITY]|NUM
kenés,kenésnyi,1,NOUN[QUANTITY]|NUM
tégla,téglányi,12,NOUN[QUANTITY]|NUM
volt,voltnyi,2,NOUN[QUANTITY]|NUM
schilling,schillingnyi,1,NOUN[QUANTITY]|NUM
oldal,oldalnyi,25,NOUN[QUANTITY]|NUM
mennyiség,mennyiségnyi,1,NOUN[QUANTITY]|NUM
mellmagasság,mellmagasságnyi,1,NOUN[QUANTITY]|NUM
dugó,dugónyi,1,NOUN[QUANTITY]|NUM
vasaló,vasalónyi,1,NOUN[QUANTITY]|NUM
cseppecske,cseppecskényi,1,NOUN[QUANTITY]|NUM
piaszter,piaszternyi,5,NOUN[QUANTITY]|NUM
szóköz,szóköznyi,1,NOUN[QUANTITY]|NUM
szál,szálnyi,7,NOUN[QUANTITY]|NUM
négyzetdeciméter,négyzetdeciméternyi,1,NOUN[QUANTITY]|NUM
puskagolyó,puskagolyónyi,1,NOUN[QUANTITY]|NUM
porszem,porszemnyi,10,NOUN[QUANTITY]|NUM
ceruzavonás,ceruzavonásnyi,1,NOUN[QUANTITY]|NUM
valcer,valcernyi,1,NOUN[QUANTITY]|NUM
re,rényi,84,NOUN[QUANTITY]|NUM
hópehely,hópehelynyi,1,NOUN[QUANTITY]|NUM
zselé,zselényi,3,NOUN[QUANTITY]|NUM
centi,centinyi,6,NOUN[QUANTITY]|NUM
kémcső,kémcsőnyi,4,NOUN[QUANTITY]|NUM
kockakő,kockakőnyi,1,NOUN[QUANTITY]|NUM
utcasor,utcasornyi,2,NOUN[QUANTITY]|NUM
bili,bilinyi,3,NOUN[QUANTITY]|NUM
csípő,csípőnyi,2,NOUN[QUANTITY]|NUM
karom,karomnyi,5,NOUN[QUANTITY]|NUM
periódus,periódusnyi,5,NOUN[QUANTITY]|NUM
euró,eurónyi,8,NOUN[QUANTITY]|NUM
billió,billiónyi,8,NUM[QUANTITY]|NUM
monostor,monostornyi,1,NOUN[QUANTITY]|NUM
suhanc,suhancnyi,1,NOUN[QUANTITY]|NUM
szendergés,szendergésnyi,1,NOUN[QUANTITY]|NUM
kosz,kosznyi,1,NOUN[QUANTITY]|NUM
álláshely,álláshelynyi,1,NOUN[QUANTITY]|NUM
kukac,kukacnyi,1,NOUN[QUANTITY]|NUM
kucsma,kucsmányi,1,NOUN[QUANTITY]|NUM
kézfogás,kézfogásnyi,1,NOUN[QUANTITY]|NUM
súly,súlynyi,4,NOUN[QUANTITY]|NUM
sóhaj,sóhajnyi,10,NOUN[QUANTITY]|NUM
repülőgép,repülőgépnyi,1,NOUN[QUANTITY]|NUM
rekesz,rekesznyi,3,NOUN[QUANTITY]|NUM
szerszámoskamra,szerszámoskamrányi,1,NOUN[QUANTITY]|NUM
osztályterem,osztályteremnyi,1,NOUN[QUANTITY]|NUM
bazilika,bazilikányi,1,NOUN[QUANTITY]|NUM
mező,mezőnyi,16,NOUN[QUANTITY]|NUM
menés,menésnyi,1,NOUN[QUANTITY]|NUM
felvillanás,felvillanásnyi,1,NOUN[QUANTITY]|NUM
szelet,szeletnyi,7,NOUN[QUANTITY]|NUM
vár,várnyi,3,NOUN[QUANTITY]|NUM
terasz,terasznyi,2,NOUN[QUANTITY]|NUM
játékbaba,játékbabányi,1,NOUN[QUANTITY]|NUM
dorombolás,dorombolásnyi,1,NOUN[QUANTITY]|NUM
pózna,póznányi,1,NOUN[QUANTITY]|NUM
bombatölcsér,bombatölcsérnyi,1,NOUN[QUANTITY]|NUM
kisváros,kisvárosnyi,5,NOUN[QUANTITY]|NUM
vontató,vontatónyi,1,NOUN[QUANTITY]|NUM
szájkosár,szájkosárnyi,1,NOUN[QUANTITY]|NUM
nyolcadrét,nyolcadrétnyi,3,NOUN[QUANTITY]|NUM
csillag,csillagnyi,5,NOUN[QUANTITY]|NUM
kontroll,kontrollnyi,1,NOUN[QUANTITY]|NUM
modell,modellnyi,1,NOUN[QUANTITY]|NUM
arcrándulás,arcrándulásnyi,1,NOUN[QUANTITY]|NUM
pirkadat,pirkadatnyi,1,NOUN[QUANTITY]|NUM
cseber,csebernyi,2,NOUN[QUANTITY]|NUM
hét,hetedik,44,NUM[ORD]|NUM
bolha,bolhányi,5,NOUN[QUANTITY]|NUM
gépkocsi,gépkocsinyi,1,NOUN[QUANTITY]|NUM
métermázsa,métermázsányi,5,NOUN[QUANTITY]|NUM
tudat,tudatnyi,1,NOUN[QUANTITY]|NUM
milliárd,milliárdnyi,21,NUM[QUANTITY]|NUM
munkanap,munkanapnyi,3,NOUN[QUANTITY]|NUM
recenzió,recenziónyi,1,NOUN[QUANTITY]|NUM
félember,félembernyi,4,NOUN[QUANTITY]|NUM
csillagkép,csillagképnyi,2,NOUN[QUANTITY]|NUM
földrész,földrésznyi,9,NOUN[QUANTITY]|NUM
hüvelykujj,hüvelykujjnyi,9,NOUN[QUANTITY]|NUM
harmat,harmatnyi,2,NOUN[QUANTITY]|NUM
zseb,zsebnyi,3,NOUN[QUANTITY]|NUM
imbolygás,imbolygásnyi,1,NOUN[QUANTITY]|NUM
pénzegység,pénzegységnyi,2,NOUN[QUANTITY]|NUM
poltura,polturányi,1,NOUN[QUANTITY]|NUM
névjegy,névjegynyi,1,NOUN[QUANTITY]|NUM
grádus,grádusnyi,7,NOUN[QUANTITY]|NUM
község,községnyi,2,NOUN[QUANTITY]|NUM
morféma,morfémányi,5,NOUN[QUANTITY]|NUM
négy,negyed,28,NUM[FRACT]|NUM
kábel,kábelnyi,1,NOUN[QUANTITY]|NUM
karton,kartonnyi,1,NOUN[QUANTITY]|NUM
baka,bakányi,24,NOUN[QUANTITY]|NUM
árpa,árpányi,1,NOUN[QUANTITY]|NUM
tüdő,tüdőnyi,4,NOUN[QUANTITY]|NUM
békaugrás,békaugrásnyi,1,NOUN[QUANTITY]|NUM
fügefalevél,fügefalevélnyi,2,NOUN[QUANTITY]|NUM
galaktika,galaktikányi,2,NOUN[QUANTITY]|NUM
ibolya,ibolyányi,1,NOUN[QUANTITY]|NUM
szár,szárnyi,24,NOUN[QUANTITY]|NUM
szobasarok,szobasaroknyi,1,NOUN[QUANTITY]|NUM
tőmondat,tőmondatnyi,2,NOUN[QUANTITY]|NUM
létrafok,létrafoknyi,1,NOUN[QUANTITY]|NUM
új,újnyi,13,NOUN[QUANTITY]|NUM
pocsolya,pocsolyányi,1,NOUN[QUANTITY]|NUM
úrvacsora,úrvacsorányi,1,NOUN[QUANTITY]|NUM
ara,arányi,150,NOUN[QUANTITY]|NUM
álom,álomnyi,2,NOUN[QUANTITY]|NUM
háromláb,háromlábnyi,9,NOUN[QUANTITY]|NUM
lux,luxnyi,1,NOUN[QUANTITY]|NUM
kupa,kupányi,8,NOUN[QUANTITY]|NUM
goda,godányi,9,NOUN[QUANTITY]|NUM
rózsafüzér,rózsafüzérnyi,1,NOUN[QUANTITY]|NUM
fika,fikányi,1,NOUN[QUANTITY]|NUM
reál,reálnyi,1,NOUN[QUANTITY]|NUM
riport,riportnyi,1,NOUN[QUANTITY]|NUM
vizsla,vizslányi,3,NOUN[QUANTITY]|NUM
többször,többszörnyi,1,NOUN[QUANTITY]|NUM
taliga,taligányi,1,NOUN[QUANTITY]|NUM
vers,versnyi,8,NOUN[QUANTITY]|NUM
vágy,vágynyi,1,NOUN[QUANTITY]|NUM
karc,karcnyi,3,NOUN[QUANTITY]|NUM
fülke,fülkényi,2,NOUN[QUANTITY]|NUM
hadosztály,hadosztálynyi,13,NOUN[QUANTITY]|NUM
momentum,momentumnyi,1,NOUN[QUANTITY]|NUM
gyermekkar,gyermekkarnyi,1,NOUN[QUANTITY]|NUM
virágszirom,virágsziromnyi,1,NOUN[QUANTITY]|NUM
súlyegység,súlyegységnyi,1,NOUN[QUANTITY]|NUM
táblázat,táblázatnyi,1,NOUN[QUANTITY]|NUM
négyzetöl,négyzetölnyi,4,NOUN[QUANTITY]|NUM
pofon,pofonnyi,1,NOUN[QUANTITY]|NUM
lista,listányi,1,NOUN[QUANTITY]|NUM
szúnyog,szúnyognyi,3,NOUN[QUANTITY]|NUM
virágkosár,virágkosárnyi,1,NOUN[QUANTITY]|NUM
kobak,kobaknyi,2,NOUN[QUANTITY]|NUM
kassza,kasszányi,2,NOUN[QUANTITY]|NUM
ostorcsapás,ostorcsapásnyi,1,NOUN[QUANTITY]|NUM
szimpla,szimplányi,1,NOUN[QUANTITY]|NUM
vércsepp,vércseppnyi,1,NOUN[QUANTITY]|NUM
öböl,öbölnyi,1,NOUN[QUANTITY]|NUM
pirinyó,pirinyónyi,2,NOUN[QUANTITY]|NUM
bólintás,bólintásnyi,1,NOUN[QUANTITY]|NUM
pite,pitényi,2,NOUN[QUANTITY]|NUM
cet,cetnyi,6,NOUN[QUANTITY]|NUM
képernyő,képernyőnyi,11,NOUN[QUANTITY]|NUM
sió,siónyi,1,NOUN[QUANTITY]|NUM
leves,levesnyi,1,NOUN[QUANTITY]|NUM
bunkó,bunkónyi,2,NOUN[QUANTITY]|NUM
hajórakomány,hajórakománynyi,1,NOUN[QUANTITY]|NUM
gondolatjel,gondolatjelnyi,1,NOUN[QUANTITY]|NUM
lovaglás,lovaglásnyi,2,NOUN[QUANTITY]|NUM
valahány,valahanyadik,2,NUM[ORD]|NUM
sörét,sörétnyi,1,NOUN[QUANTITY]|NUM
garmada,garmadányi,2,NOUN[QUANTITY]|NUM
tapodtat,tapodtatnyi,1,NOUN[QUANTITY]|NUM
pattanás,pattanásnyi,1,NOUN[QUANTITY]|NUM
pár,párnyi,8,NOUN[QUANTITY]|NUM
liget,ligetnyi,1,NOUN[QUANTITY]|NUM
mása,másányi,2,NOUN[QUANTITY]|NUM
melléklet,mellékletnyi,1,NOUN[QUANTITY]|NUM
bohó,bohónyi,1,NOUN[QUANTITY]|NUM
főutca,főutcányi,1,NOUN[QUANTITY]|NUM
billió,billiomod,6,NUM[FRACT]|NUM
óceán,óceánnyi,11,NOUN[QUANTITY]|NUM
váll,vállnyi,1,NOUN[QUANTITY]|NUM
teherlift,teherliftnyi,1,NOUN[QUANTITY]|NUM
pohárka,pohárkányi,4,NOUN[QUANTITY]|NUM
társzekér,társzekérnyi,5,NOUN[QUANTITY]|NUM
rege,regényi,21,NOUN[QUANTITY]|NUM
likőröspohár,likőröspohárnyi,1,NOUN[QUANTITY]|NUM
uncia,unciányi,4,NOUN[QUANTITY]|NUM
kard,kardnyi,3,NOUN[QUANTITY]|NUM
hit,hitnyi,1,NOUN[QUANTITY]|NUM
nemzedékváltás,nemzedékváltásnyi,3,NOUN[QUANTITY]|NUM
levél,levélnyi,18,NOUN[QUANTITY]|NUM
zuhatag,zuhatagnyi,1,NOUN[QUANTITY]|NUM
autó,autónyi,5,NOUN[QUANTITY]|NUM
kasza,kaszányi,4,NOUN[QUANTITY]|NUM
bimbó,bimbónyi,3,NOUN[QUANTITY]|NUM
nézőtér,nézőtérnyi,1,NOUN[QUANTITY]|NUM
emberélet,emberéletnyi,3,NOUN[QUANTITY]|NUM
száz,száznyi,7,NUM[QUANTITY]|NUM
zászlóalj,zászlóaljnyi,9,NOUN[QUANTITY]|NUM
tábla,táblányi,2,NOUN[QUANTITY]|NUM
pari,parinyi,1,NOUN[QUANTITY]|NUM
négyzet,négyzetnyi,4,NOUN[QUANTITY]|NUM
ezerév,ezerévnyi,7,NOUN[QUANTITY]|NUM
dandár,dandárnyi,3,NOUN[QUANTITY]|NUM
boly,bolynyi,2,NOUN[QUANTITY]|NUM
végtelen,végtelennyi,2,NOUN[QUANTITY]|NUM
téka,tékányi,1,NOUN[QUANTITY]|NUM
kettő,kettedik,7,NUM[ORD]|NUM
kupé,kupényi,1,NOUN[QUANTITY]|NUM
völgy,völgynyi,2,NOUN[QUANTITY]|NUM
temető,temetőnyi,1,NOUN[QUANTITY]|NUM
őserdő,őserdőnyi,1,NOUN[QUANTITY]|NUM
lópatkó,lópatkónyi,1,NOUN[QUANTITY]|NUM
nyomat,nyomatnyi,1,NOUN[QUANTITY]|NUM
malom,malomnyi,1,NOUN[QUANTITY]|NUM
iskola,iskolányi,1,NOUN[QUANTITY]|NUM
család,családnyi,5,NOUN[QUANTITY]|NUM
urna,urnányi,2,NOUN[QUANTITY]|NUM
ékszerdoboz,ékszerdoboznyi,2,NOUN[QUANTITY]|NUM
vadkörtefa,vadkörtefányi,1,NOUN[QUANTITY]|NUM
ásó,ásónyi,6,NOUN[QUANTITY]|NUM
gyalogút,gyalogútnyi,2,NOUN[QUANTITY]|NUM
előszó,előszónyi,1,NOUN[QUANTITY]|NUM
markolat,markolatnyi,3,NOUN[QUANTITY]|NUM
jelenet,jelenetnyi,1,NOUN[QUANTITY]|NUM
karó,karónyi,2,NOUN[QUANTITY]|NUM
csatorna,csatornányi,1,NOUN[QUANTITY]|NUM
böllérkés,böllérkésnyi,1,NOUN[QUANTITY]|NUM
nyom,nyomnyi,9,NOUN[QUANTITY]|NUM
adó,adónyi,1,NOUN[QUANTITY]|NUM
ülés,ülésnyi,1,NOUN[QUANTITY]|NUM
zsemle,zsemlényi,1,NOUN[QUANTITY]|NUM
titok,titoknyi,1,NOUN[QUANTITY]|NUM
kőszál,kőszálnyi,1,NOUN[QUANTITY]|NUM
harmadrész,harmadrésznyi,9,NOUN[QUANTITY]|NUM
homoktenger,homoktengernyi,1,NOUN[QUANTITY]|NUM
járás,járásnyi,10,NOUN[QUANTITY]|NUM
test,testnyi,4,NOUN[QUANTITY]|NUM
barlang,barlangnyi,5,NOUN[QUANTITY]|NUM
érsek,érseknyi,1,NOUN[QUANTITY]|NUM
várta,vártányi,1,NOUN[QUANTITY]|NUM
cikázás,cikázásnyi,1,NOUN[QUANTITY]|NUM
korosztály,korosztálynyi,2,NOUN[QUANTITY]|NUM
cérnaszál,cérnaszálnyi,6,NOUN[QUANTITY]|NUM
mérföld,mérföldnyi,17,NOUN[QUANTITY]|NUM
hernyó,hernyónyi,1,NOUN[QUANTITY]|NUM
borda,bordányi,21,NOUN[QUANTITY]|NUM
mente,mentényi,10,NOUN[QUANTITY]|NUM
bura,burányi,18,NOUN[QUANTITY]|NUM
hullám,hullámnyi,2,NOUN[QUANTITY]|NUM
park,parknyi,3,NOUN[QUANTITY]|NUM
köbdeciméter,köbdeciméternyi,2,NOUN[QUANTITY]|NUM
hektó,hektónyi,3,NOUN[QUANTITY]|NUM
bevetés,bevetésnyi,1,NOUN[QUANTITY]|NUM
fertály,fertálynyi,3,NOUN[QUANTITY]|NUM
fekvőhely,fekvőhelynyi,4,NOUN[QUANTITY]|NUM
évezred,évezrednyi,8,NOUN[QUANTITY]|NUM
szemafor,szemafornyi,1,NOUN[QUANTITY]|NUM
eper,epernyi,3,NOUN[QUANTITY]|NUM
féldeci,féldecinyi,1,NOUN[QUANTITY]|NUM
szakajtó,szakajtónyi,9,NOUN[QUANTITY]|NUM
bit,bitnyi,9,NOUN[QUANTITY]|NUM
manus,manusnyi,1,NOUN[QUANTITY]|NUM
sok,több,138,NUM[COMPAR]|NUM
tejút,tejútnyi,1,NOUN[QUANTITY]|NUM
stúdió,stúdiónyi,1,NOUN[QUANTITY]|NUM
pamacs,pamacsnyi,3,NOUN[QUANTITY]|NUM
életmű,életműnyi,1,NOUN[QUANTITY]|NUM
évszak,évszaknyi,2,NOUN[QUANTITY]|NUM
nagyszoba,nagyszobányi,1,NOUN[QUANTITY]|NUM
szórás,szórásnyi,16,NOUN[QUANTITY]|NUM
karám,karámnyi,1,NOUN[QUANTITY]|NUM
sakktábla,sakktáblányi,1,NOUN[QUANTITY]|NUM
fuszulyka,fuszulykányi,1,NOUN[QUANTITY]|NUM
kereszt,keresztnyi,7,NOUN[QUANTITY]|NUM
fertályóra,fertályórányi,4,NOUN[QUANTITY]|NUM
borsószem,borsószemnyi,6,NOUN[QUANTITY]|NUM
nagyság,nagyságnyi,4,NOUN[QUANTITY]|NUM
tetű,tetűnyi,3,NOUN[QUANTITY]|NUM
kicsiny,kicsinynyi,2,NOUN[QUANTITY]|NUM
annyi,annyiad,8,NUM[FRACT]|NUM
megfontolás,megfontolásnyi,1,NOUN[QUANTITY]|NUM
számolás,számolásnyi,1,NOUN[QUANTITY]|NUM
csutora,csutorányi,2,NOUN[QUANTITY]|NUM
ezredmásodperc,ezredmásodpercnyi,3,NOUN[QUANTITY]|NUM
iskolaév,iskolaévnyi,2,NOUN[QUANTITY]|NUM
kenderföld,kenderföldnyi,1,NOUN[QUANTITY]|NUM
cége,cégényi,14,NOUN[QUANTITY]|NUM
sugárút,sugárútnyi,1,NOUN[QUANTITY]|NUM
honvágy,honvágynyi,1,NOUN[QUANTITY]|NUM
névjegykártya,névjegykártyányi,1,NOUN[QUANTITY]|NUM
deszka,deszkányi,1,NOUN[QUANTITY]|NUM
lomb,lombnyi,1,NOUN[QUANTITY]|NUM
galaxis,galaxisnyi,4,NOUN[QUANTITY]|NUM
tag,tagnyi,3,NOUN[QUANTITY]|NUM
erdő,erdőnyi,8,NOUN[QUANTITY]|NUM
köbcentiméter,köbcentiméternyi,7,NOUN[QUANTITY]|NUM
eszköz,eszköznyi,1,NOUN[QUANTITY]|NUM
hajófenék,hajófenéknyi,1,NOUN[QUANTITY]|NUM
út,útnyi,2,NOUN[QUANTITY]|NUM
zenekar,zenekarnyi,1,NOUN[QUANTITY]|NUM
képeslap,képeslapnyi,1,NOUN[QUANTITY]|NUM
délután,délutánnyi,1,NOUN[QUANTITY]|NUM
ágyú,ágyúnyi,2,NOUN[QUANTITY]|NUM
szimbólum,szimbólumnyi,1,NOUN[QUANTITY]|NUM
tízperc,tízpercnyi,11,NOUN[QUANTITY]|NUM
lábfej,lábfejnyi,1,NOUN[QUANTITY]|NUM
csomag,csomagnyi,5,NOUN[QUANTITY]|NUM
buborék,buboréknyi,1,NOUN[QUANTITY]|NUM
tálka,tálkányi,1,NOUN[QUANTITY]|NUM
pipa,pipányi,4,NOUN[QUANTITY]|NUM
gomb,gombnyi,3,NOUN[QUANTITY]|NUM
zokogás,zokogásnyi,1,NOUN[QUANTITY]|NUM
méret,méretnyi,1,NOUN[QUANTITY]|NUM
irodalom,irodalomnyi,1,NOUN[QUANTITY]|NUM
evés,evésnyi,1,NOUN[QUANTITY]|NUM
gyerekjáték,gyerekjátéknyi,1,NOUN[QUANTITY]|NUM
törzs,törzsnyi,3,NOUN[QUANTITY]|NUM
rúd,rúdnyi,1,NOUN[QUANTITY]|NUM
deciméter,deciméternyi,4,NOUN[QUANTITY]|NUM
szellő,szellőnyi,3,NOUN[QUANTITY]|NUM
sörte,sörtényi,1,NOUN[QUANTITY]|NUM
nemzet,nemzetnyi,3,NOUN[QUANTITY]|NUM
futballmeccs,futballmeccsnyi,2,NOUN[QUANTITY]|NUM
skatulya,skatulyányi,5,NOUN[QUANTITY]|NUM
negyedév,negyedévnyi,2,NOUN[QUANTITY]|NUM
tiszavirág,tiszavirágnyi,2,NOUN[QUANTITY]|NUM
fark,farknyi,2,NOUN[QUANTITY]|NUM
kiskosár,kiskosárnyi,1,NOUN[QUANTITY]|NUM
gödör,gödörnyi,5,NOUN[QUANTITY]|NUM
miatyánk,miatyánknyi,50,NOUN[QUANTITY]|NUM
aratás,aratásnyi,1,NOUN[QUANTITY]|NUM
infúzió,infúziónyi,1,NOUN[QUANTITY]|NUM
sugár,sugárnyi,10,NOUN[QUANTITY]|NUM
líra,lírányi,4,NOUN[QUANTITY]|NUM
ülte,ültényi,1,NOUN[QUANTITY]|NUM
kemence,kemencényi,2,NOUN[QUANTITY]|NUM
kapszula,kapszulányi,1,NOUN[QUANTITY]|NUM
patak,pataknyi,4,NOUN[QUANTITY]|NUM
piszkos,piszkosnyi,1,NOUN[QUANTITY]|NUM
koponya,koponyányi,2,NOUN[QUANTITY]|NUM
strófa,strófányi,4,NOUN[QUANTITY]|NUM
háború,háborúnyi,1,NOUN[QUANTITY]|NUM
szólás,szólásnyi,1,NOUN[QUANTITY]|NUM
kupac,kupacnyi,3,NOUN[QUANTITY]|NUM
zsemlye,zsemlyényi,1,NOUN[QUANTITY]|NUM
arc,arcnyi,1,NOUN[QUANTITY]|NUM
birodalom,birodalomnyi,3,NOUN[QUANTITY]|NUM
szemhunyás,szemhunyásnyi,4,NOUN[QUANTITY]|NUM
templom,templomnyi,6,NOUN[QUANTITY]|NUM
rózsa,rózsányi,3,NOUN[QUANTITY]|NUM
fiók,fióknyi,4,NOUN[QUANTITY]|NUM
éhség,éhségnyi,1,NOUN[QUANTITY]|NUM
szakasz,szakasznyi,10,NOUN[QUANTITY]|NUM
brigád,brigádnyi,1,NOUN[QUANTITY]|NUM
tanulmány,tanulmánynyi,1,NOUN[QUANTITY]|NUM
deciliter,deciliternyi,14,NOUN[QUANTITY]|NUM
tér,térnyi,2,NOUN[QUANTITY]|NUM
kukoricaszem,kukoricaszemnyi,1,NOUN[QUANTITY]|NUM
futás,futásnyi,3,NOUN[QUANTITY]|NUM
hodály,hodálynyi,1,NOUN[QUANTITY]|NUM
málna,málnányi,2,NOUN[QUANTITY]|NUM
messzely,messzelynyi,2,NOUN[QUANTITY]|NUM
karát,karátnyi,1,NOUN[QUANTITY]|NUM
pissz,pissznyi,1,NOUN[QUANTITY]|NUM
házszám,házszámnyi,1,NOUN[QUANTITY]|NUM
rubel,rubelnyi,15,NOUN[QUANTITY]|NUM
töltet,töltetnyi,1,NOUN[QUANTITY]|NUM
hegyoldal,hegyoldalnyi,1,NOUN[QUANTITY]|NUM
horizont,horizontnyi,2,NOUN[QUANTITY]|NUM
egyharmad,egyharmadnyi,11,NUM[QUANTITY]|NUM
arzenál,arzenálnyi,1,NOUN[QUANTITY]|NUM
mogyoró,mogyorónyi,11,NOUN[QUANTITY]|NUM
láda,ládányi,9,NOUN[QUANTITY]|NUM
bel,belnyi,1,NOUN[QUANTITY]|NUM
tépés,tépésnyi,2,NOUN[QUANTITY]|NUM
tutaj,tutajnyi,2,NOUN[QUANTITY]|NUM
étkészlet,étkészletnyi,1,NOUN[QUANTITY]|NUM
kiskert,kiskertnyi,2,NOUN[QUANTITY]|NUM
hármasugrás,hármasugrásnyi,1,NOUN[QUANTITY]|NUM
tan,tannyi,2,NOUN[QUANTITY]|NUM
félkörív,félkörívnyi,1,NOUN[QUANTITY]|NUM
móka,mókányi,1,NOUN[QUANTITY]|NUM
légkalapács,légkalapácsnyi,1,NOUN[QUANTITY]|NUM
egérke,egérkényi,1,NOUN[QUANTITY]|NUM
icce,iccényi,2,NOUN[QUANTITY]|NUM
gombóc,gombócnyi,5,NOUN[QUANTITY]|NUM
hara,harányi,2,NOUN[QUANTITY]|NUM
főszerep,főszerepnyi,1,NOUN[QUANTITY]|NUM
köcsög,köcsögnyi,1,NOUN[QUANTITY]|NUM
paraszt,parasztnyi,1,NOUN[QUANTITY]|NUM
nyáj,nyájnyi,2,NOUN[QUANTITY]|NUM
pokol,pokolnyi,3,NOUN[QUANTITY]|NUM
hadsereg,hadseregnyi,10,NOUN[QUANTITY]|NUM
sebhely,sebhelynyi,1,NOUN[QUANTITY]|NUM
munkaegység,munkaegységnyi,1,NOUN[QUANTITY]|NUM
üveg,üvegnyi,9,NOUN[QUANTITY]|NUM
baki,bakinyi,1,NOUN[QUANTITY]|NUM
kehely,kehelynyi,2,NOUN[QUANTITY]|NUM
kisablak,kisablaknyi,1,NOUN[QUANTITY]|NUM
vihar,viharnyi,1,NOUN[QUANTITY]|NUM
fólia,fóliányi,1,NOUN[QUANTITY]|NUM
öröklét,öröklétnyi,1,NOUN[QUANTITY]|NUM
stadion,stadionnyi,8,NOUN[QUANTITY]|NUM
harapás,harapásnyi,8,NOUN[QUANTITY]|NUM
kotla,kotlányi,1,NOUN[QUANTITY]|NUM
öltés,öltésnyi,3,NOUN[QUANTITY]|NUM
góré,górényi,1,NOUN[QUANTITY]|NUM
zárka,zárkányi,1,NOUN[QUANTITY]|NUM
helyezés,helyezésnyi,3,NOUN[QUANTITY]|NUM
bíra,bírányi,1,NOUN[QUANTITY]|NUM
fürt,fürtnyi,1,NOUN[QUANTITY]|NUM
hab,habnyi,1,NOUN[QUANTITY]|NUM
cserje,cserjényi,1,NOUN[QUANTITY]|NUM
sör,sörnyi,1,NOUN[QUANTITY]|NUM
vármegye,vármegyényi,8,NOUN[QUANTITY]|NUM
citrom,citromnyi,1,NOUN[QUANTITY]|NUM
zuboly,zubolynyi,1,NOUN[QUANTITY]|NUM
nép,népnyi,2,NOUN[QUANTITY]|NUM
hangyaboly,hangyabolynyi,2,NOUN[QUANTITY]|NUM
tároló,tárolónyi,1,NOUN[QUANTITY]|NUM
bőr,bőrnyi,1,NOUN[QUANTITY]|NUM
mosdótál,mosdótálnyi,3,NOUN[QUANTITY]|NUM
zsinór,zsinórnyi,1,NOUN[QUANTITY]|NUM
lándzsa,lándzsányi,3,NOUN[QUANTITY]|NUM
héj,héjnyi,2,NOUN[QUANTITY]|NUM
col,colnyi,1,NOUN[QUANTITY]|NUM
bérház,bérháznyi,1,NOUN[QUANTITY]|NUM
réce,récényi,6,NOUN[QUANTITY]|NUM
hajókoffer,hajókoffernyi,3,NOUN[QUANTITY]|NUM
tócsa,tócsányi,6,NOUN[QUANTITY]|NUM
szálka,szálkányi,1,NOUN[QUANTITY]|NUM
hajtás,hajtásnyi,2,NOUN[QUANTITY]|NUM
köbméter,köbméternyi,9,NOUN[QUANTITY]|NUM
sír,sírnyi,2,NOUN[QUANTITY]|NUM
tudás,tudásnyi,1,NOUN[QUANTITY]|NUM
lyuk,lyuknyi,2,NOUN[QUANTITY]|NUM
sorfal,sorfalnyi,1,NOUN[QUANTITY]|NUM
előadás,előadásnyi,3,NOUN[QUANTITY]|NUM
százalék,százaléknyi,12,NOUN[QUANTITY]|NUM
abroncs,abroncsnyi,1,NOUN[QUANTITY]|NUM
pud,pudnyi,4,NOUN[QUANTITY]|NUM
hársfa,hársfányi,1,NOUN[QUANTITY]|NUM
duma,dumányi,2,NOUN[QUANTITY]|NUM
eltérés,eltérésnyi,1,NOUN[QUANTITY]|NUM
sok,legeslegtöbb,3,NUM[SUPER-SUPERLAT]|NUM
elektron,elektronnyi,3,NOUN[QUANTITY]|NUM
vénuszdomb,vénuszdombnyi,1,NOUN[QUANTITY]|NUM
teáscsésze,teáscsészényi,6,NOUN[QUANTITY]|NUM
negyedszázad,negyedszázadnyi,9,NOUN[QUANTITY]|NUM
nadrágszíj,nadrágszíjnyi,3,NOUN[QUANTITY]|NUM
jobbágytelek,jobbágyteleknyi,5,NOUN[QUANTITY]|NUM
lábjegyzet,lábjegyzetnyi,3,NOUN[QUANTITY]|NUM
korsó,korsónyi,8,NOUN[QUANTITY]|NUM
molekulasúly,molekulasúlynyi,1,NOUN[QUANTITY]|NUM
had,hadnyi,5,NOUN[QUANTITY]|NUM
múzeum,múzeumnyi,2,NOUN[QUANTITY]|NUM
atom,atomnyi,9,NOUN[QUANTITY]|NUM
köldök,köldöknyi,2,NOUN[QUANTITY]|NUM
dobogás,dobogásnyi,1,NOUN[QUANTITY]|NUM
kishold,kisholdnyi,1,NOUN[QUANTITY]|NUM
koncert,koncertnyi,1,NOUN[QUANTITY]|NUM
hamutartó,hamutartónyi,1,NOUN[QUANTITY]|NUM
kéve,kévényi,3,NOUN[QUANTITY]|NUM
utcácska,utcácskányi,1,NOUN[QUANTITY]|NUM
bélyeg,bélyegnyi,2,NOUN[QUANTITY]|NUM
síkság,síkságnyi,1,NOUN[QUANTITY]|NUM
köpet,köpetnyi,3,NOUN[QUANTITY]|NUM
üdvözlégy,üdvözlégynyi,14,NOUN[QUANTITY]|NUM
duda,dudányi,1,NOUN[QUANTITY]|NUM
hektoliter,hektoliternyi,3,NOUN[QUANTITY]|NUM
ásónyom,ásónyomnyi,6,NOUN[QUANTITY]|NUM
horda,hordányi,2,NOUN[QUANTITY]|NUM
ájulás,ájulásnyi,1,NOUN[QUANTITY]|NUM
város,városnyi,10,NOUN[QUANTITY]|NUM
borotvaél,borotvaélnyi,1,NOUN[QUANTITY]|NUM
zabszem,zabszemnyi,1,NOUN[QUANTITY]|NUM
elalvás,elalvásnyi,1,NOUN[QUANTITY]|NUM
markoló,markolónyi,2,NOUN[QUANTITY]|NUM
tat,tatnyi,1,NOUN[QUANTITY]|NUM
motyó,motyónyi,1,NOUN[QUANTITY]|NUM
hártya,hártyányi,5,NOUN[QUANTITY]|NUM
töltés,töltésnyi,6,NOUN[QUANTITY]|NUM
talp,talpnyi,4,NOUN[QUANTITY]|NUM
keresztvetés,keresztvetésnyi,1,NOUN[QUANTITY]|NUM
bő,bőnyi,30,NOUN[QUANTITY]|NUM
kályha,kályhányi,1,NOUN[QUANTITY]|NUM
ciklus,ciklusnyi,7,NOUN[QUANTITY]|NUM
városnegyed,városnegyednyi,1,NOUN[QUANTITY]|NUM
negyedrész,negyedrésznyi,9,NOUN[QUANTITY]|NUM
négyzetmilliméter,négyzetmilliméternyi,3,NOUN[QUANTITY]|NUM
darab,darabnyi,7,NOUN[QUANTITY]|NUM
